Ano;Semestre;Concelho;Potência de Ligação (kW);Processos Concluídos (#);CodConcelho
2025;1;Lamego;72.18;24.0;1805
2025;1;Mira;151.06999999999996;17.0;0608
2025;1;Lousã;32.51;15.0;0607
2025;1;Póvoa de Lanhoso;124.09;43.0;0309
2025;1;Castro Verde;39.919999999999995;13.0;0206
2025;1;Almeirim;155.45999999999998;39.0;1403
2025;1;Alandroal;43.93;11.0;0701
2025;1;Sesimbra;753.25;92.0;1511
2025;1;Alter do Chão;137.62;4.0;1201
2025;1;Avis;102.67999999999999;5.0;1203
2025;1;Lagos;294.33;42.0;0807
2025;1;Sever do Vouga;109.36;17.0;0117
2025;1;Batalha;371.07;28.0;1004
2025;1;Armamar;20.919999999999998;9.0;1801
2025;1;Oliveira do Hospital;300.09;31.0;0611
2025;1;Santarém;318.93;112.0;1416
2025;1;Celorico da Beira;17.39;8.0;0903
2025;1;Fundão;172.16;41.0;0504
2025;1;Castanheira de Pêra;10.030000000000001;8.0;1007
2025;1;Vouzela;65.58;23.0;1824
2025;1;Águeda;977.9300000000001;46.0;0101
2025;1;Cabeceiras de Basto;77.89;27.0;0304
2025;1;Nelas;25.18;15.0;1809
2025;1;Beja;302.85;22.0;0205
2025;1;Mesão Frio;4.6000000000000005;4.0;1704
2025;1;Óbidos;85.67;36.0;1012
2025;1;Sintra;1456.1100000000001;130.0;1111
2025;1;Tavira;204.38;48.0;0814
2025;1;Monforte;1.2;3.0;1211
2025;1;Mação;40.19;16.0;1413
2025;1;Ourém;319.13;68.0;1421
2025;1;Vizela;128.38;23.0;0314
2025;1;Tarouca;9.8;4.0;1820
2025;1;Cantanhede;191.97;62.0;0602
2025;1;Caminha;77.45;21.0;1602
2025;1;Fronteira;10.08;5.0;1208
2025;1;Albergaria-a-Velha;62.03;30.0;0102
2025;1;Castro Marim;1001.26;14.0;0804
2025;1;Miranda do douro;32.74;14.0;0406
2025;1;Figueira da Foz;200.59;54.0;0605
2025;1;Almada;387.83000000000004;95.0;1503
2025;1;Marco de Canaveses;429.24;62.0;1307
2025;1;Vinhais;30.14;12.0;0412
2025;1;Loures;656.17;73.0;1107
2025;1;Montemor-o-Novo;99.47;30.0;0706
2025;1;Penafiel;211.76999999999998;72.0;1311
2025;1;Paços de Ferreira;305.42;72.0;1309
2025;1;Santa Maria da Feira;479.27;101.0;0109
2025;1;Aveiro;1642.59;75.0;0105
2025;1;Santiago do Cacém;388.62;29.0;1509
2025;1;Moita;127.44999999999999;28.0;1506
2025;1;Barreiro;1050.55;15.0;1504
2025;1;Ílhavo;148.86;44.0;0110
2025;1;Alvito;5.23;3.0;0203
2025;1;Odemira;263.84999999999997;37.0;0211
2025;1;Vila Viçosa;7.45;5.0;0714
2025;1;Penamacor;10.32;5.0;0507
2025;1;Peso da Régua;30.200000000000003;13.0;1708
2025;1;Mora;46.07;8.0;0707
2025;1;Arraiolos;27.089999999999996;12.0;0702
2025;1;Torre de Moncorvo;51.68;5.0;0409
2025;1;Paredes de Coura;16.0;8.0;1605
2025;1;Ribeira de Pena;18.479999999999997;4.0;1709
2025;1;Penalva do Castelo;5.84;4.0;1811
2025;1;Mértola;21.72;8.0;0209
2025;1;Góis;1.39;2.0;0606
2025;1;Aljustrel;1047.26;17.0;0201
2025;1;Moura;47.269999999999996;12.0;0210
2025;1;Vila Nova de Paiva;175.1;7.0;1822
2025;1;Melgaço;13.78;8.0;1603
2025;1;Ovar;760.38;59.0;0115
2025;1;Esposende;386.81999999999994;52.0;0306
2025;1;Sátão;71.88;17.0;1817
2025;1;Mirandela;56.239999999999995;29.0;0407
2025;1;Tábua;118.88000000000001;14.0;0616
2025;1;Crato;10.64;10.0;1206
2025;1;Arcos de Valdevez;65.82000000000001;22.0;1601
2025;1;Castro daire;68.3;13.0;1803
2025;1;Chaves;145.38;44.0;1703
2025;1;Ferreira do Zêzere;25.369999999999997;11.0;1411
2025;1;Carregal do Sal;79.85000000000001;13.0;1802
2025;1;Amarante;318.59000000000003;57.0;1301
2025;1;Boticas;67.80999999999999;15.0;1702
2025;1;Constância;73.9;18.0;1408
2025;1;Pedrógão Grande;16.13;5.0;1013
2025;1;Amares;102.62;28.0;0301
2025;1;Matosinhos;588.62;61.0;1308
2025;1;Salvaterra de Magos;164.88;62.0;1415
2025;1;Castelo de Paiva;23.550000000000004;14.0;0106
2025;1;Tabuaço;26.38;5.0;1819
2025;1;Macedo de Cavaleiros;117.03999999999999;21.0;0405
2025;1;Sertã;52.47;22.0;0509
2025;1;Vila de Rei;12.379999999999999;4.0;0510
2025;1;Soure;186.41000000000003;28.0;0615
2025;1;Lisboa;666.9200000000001;225.0;1106
2025;1;Montijo;314.24;27.0;1507
2025;1;Freixo de Espada À Cinta;11.1;3.0;0404
2025;1;Guimarães;671.03;132.0;0308
2025;1;Belmonte;24.560000000000002;8.0;0501
2025;1;Viana do Castelo;1703.38;97.0;1609
2025;1;Montalegre;33.32;10.0;1706
2025;1;Reguengos de Monsaraz;104.07000000000001;18.0;0711
2025;1;Sardoal;9.28;7.0;1417
2025;1;Murça;34.08;6.0;1707
2025;1;Mogadouro;112.8;12.0;0408
2025;1;Paredes;651.95;55.0;1310
2025;1;Oeiras;823.89;65.0;1110
2025;1;Ponte de Lima;258.56;36.0;1607
2025;1;Vidigueira;44.220000000000006;4.0;0214
2025;1;Faro;236.17;49.0;0805
2025;1;Alijó;173.66;17.0;1701
2025;1;Viseu;640.5300000000001;107.0;1823
2025;1;Estarreja;135.31;29.0;0108
2025;1;Vila Nova de Poiares;48.849999999999994;14.0;0617
2025;1;Vila Nova de Cerveira;19.5;11.0;1610
2025;1;Borba;2.75;5.0;0703
2025;1;Alcochete;57.06;14.0;1502
2025;1;Maia;1349.74;137.0;1306
2025;1;Entroncamento;80.22;15.0;1410
2025;1;Bragança;172.5;48.0;0402
2025;1;Tomar;425.57000000000005;63.0;1418
2025;1;Bombarral;111.77;22.0;1005
2025;1;Vila do Conde;400.26;63.0;1316
2025;1;Vila Real de Santo António;28.03;14.0;0816
2025;1;Vila Flor;13.16;2.0;0410
2025;1;Sabugal;118.43;19.0;0911
2025;1;Ansião;116.71000000000001;51.0;1003
2025;1;Terras de Bouro;15.55;11.0;0310
2025;1;Vimioso;2.7;2.0;0411
2025;1;Sobral de Monte Agraço;31.14;6.0;1112
2025;1;Vila Real;225.09;46.0;1714
2025;1;Alcobaça;757.6300000000001;80.0;1001
2025;1;Pampilhosa da Serra;17.0;3.0;0612
2025;1;Mourão;18.0;2.0;0708
2025;1;Mondim de Basto;25.290000000000003;13.0;1705
2025;1;Campo Maior;206.7;7.0;1204
2025;1;Sernancelhe;31.3;13.0;1818
2025;1;São João da Pesqueira;62.839999999999996;13.0;1815
2025;1;Manteigas;2.23;2.0;0908
2025;1;Pinhel;131.07999999999998;6.0;0910
2025;1;Vieira do Minho;25.380000000000003;6.0;0311
2025;1;Aljezur;36.9;13.0;0803
2025;1;Vila Nova de Foz Côa;74.66;9.0;0914
2025;1;Espinho;9.87;5.0;0107
2025;1;Vila Velha de Ródão;1.8599999999999999;2.0;0511
2024;1;Ponte da Barca;122.25;28.0;1606
2024;1;Penafiel;1643.27;238.0;1311
2024;1;Carrazeda de Ansiães;229.13;29.0;0403
2024;1;Leiria;4162.01;461.0;1009
2024;1;Sátão;146.11;42.0;1817
2024;1;Freixo de Espada À Cinta;46.51;17.0;0404
2024;1;Vila Velha de Ródão;51.93000000000001;20.0;0511
2024;1;Alcobaça;818.4300000000001;226.0;1001
2024;1;Paredes de Coura;218.57;29.0;1605
2024;1;Setúbal;1476.96;232.0;1512
2024;1;Lagos;530.1000000000001;109.0;0807
2024;1;Palmela;4200.54;312.0;1508
2024;1;Marinha Grande;2467.9700000000003;139.0;1010
2024;1;Oliveira de Frades;824.23;50.0;1810
2024;1;Sesimbra;1382.53;242.0;1511
2024;1;Ponte de Sor;184.85999999999999;48.0;1213
2024;1;Estremoz;437.01;48.0;0704
2024;1;Montalegre;107.78999999999999;41.0;1706
2024;1;Sousel;214.1;26.0;1215
2024;1;Vale de Cambra;289.35;78.0;0119
2024;1;Redondo;110.91;33.0;0710
2024;1;Oliveira de Azeméis;1255.28;226.0;0113
2024;1;Castanheira de Pêra;7.319999999999999;4.0;1007
2024;2;Moimenta da Beira;1396.03;32.0;1807
2023;1;Grândola;160.92000000000002;74.0;1505
2023;1;Reguengos de Monsaraz;121.86999999999999;38.0;0711
2023;1;Ferreira do Alentejo;150.35;27.0;0208
2023;1;Alcoutim;21.939999999999998;11.0;0802
2023;1;Alenquer;278.87;209.0;1101
2023;1;Loures;1114.63;327.0;1107
2023;1;Melgaço;103.28;31.0;1603
2023;1;Caminha;227.61;99.0;1602
2023;1;Guarda;306.61;112.0;0907
2023;1;Mira;194.51000000000002;88.0;0608
2023;1;Avis;96.1;14.0;1203
2023;1;Vieira do Minho;119.07999999999998;57.0;0311
2023;1;Tarouca;174.26000000000002;28.0;1820
2023;1;Felgueiras;1220.95;310.0;1303
2023;1;Ourique;139.6;25.0;0212
2023;1;Lousada;491.6;217.0;1305
2023;1;Seia;137.27;63.0;0912
2023;1;Trofa;499.91999999999996;170.0;1318
2023;1;Monção;142.2;58.0;1604
2023;1;Tomar;265.55999999999995;149.0;1418
2023;1;Castanheira de Pêra;9.53;7.0;1007
2023;1;Estarreja;467.20000000000005;113.0;0108
2023;1;Vila de Rei;47.1;14.0;0510
2023;1;Constância;865.2700000000001;29.0;1408
2023;1;Alfândega da Fé;58.71;15.0;0401
2023;1;Mêda;22.71;10.0;0909
2023;1;Lisboa;651.1899999999999;184.0;1106
2023;1;Vila Nova de Poiares;82.69999999999999;55.0;0617
2023;1;Sesimbra;521.25;536.0;1511
2023;1;Mogadouro;76.16;23.0;0408
2023;1;Santa Comba Dão;156.26999999999998;63.0;1814
2023;1;Guimarães;4626.09;1149.0;0308
2023;1;Caldas da Rainha;725.02;262.0;1006
2023;1;Borba;127.03;15.0;0703
2023;1;Monforte;25.33;8.0;1211
2023;1;Castelo de Vide;19.439999999999998;11.0;1205
2023;2;Bragança;345.78999999999996;92.0;0402
2023;2;Sobral de Monte Agraço;28.63;13.0;1112
2023;2;Vila Verde;540.37;140.0;0313
2023;2;Condeixa-a-Nova;97.1;39.0;0604
2023;2;Castelo de Vide;14.62;7.0;1205
2023;2;Trofa;251.79999999999998;66.0;1318
2023;2;Guarda;148.79;50.0;0907
2023;2;Espinho;43.290000000000006;17.0;0107
2023;2;Almeirim;149.31;42.0;1403
2023;2;Maia;514.42;144.0;1306
2023;2;Torres Vedras;826.6700000000001;152.0;1113
2023;2;Fundão;225.28000000000003;63.0;0504
2023;2;Barreiro;140.18;36.0;1504
2023;2;Monção;76.99000000000001;31.0;1604
2023;2;Odivelas;115.91;52.0;1116
2023;2;Viseu;585.29;266.0;1823
2023;2;Albergaria-a-Velha;156.8;58.0;0102
2023;2;Arruda dos Vinhos;78.72;23.0;1102
2023;2;Aveiro;410.72;104.0;0105
2023;2;Cantanhede;1382.5900000000001;108.0;0602
2023;2;Paços de Ferreira;497.27;77.0;1309
2023;2;Montemor-o-Velho;283.90999999999997;86.0;0610
2023;2;Odemira;133.81;34.0;0211
2023;2;Alcácer do Sal;399.0;37.0;1501
2023;2;Vendas Novas;55.2;25.0;0712
2023;2;Vila Nova da Barquinha;115.25999999999999;28.0;1420
2023;2;Castro daire;167.71000000000004;34.0;1803
2023;2;Olhão;174.68999999999997;56.0;0810
2023;2;Trancoso;117.21;16.0;0913
2023;2;Gouveia;42.53;24.0;0906
2023;2;Mação;35.62;21.0;1413
2023;2;Sousel;112.32000000000001;17.0;1215
2023;2;Valpaços;123.59;70.0;1712
2023;2;Serpa;197.0;23.0;0213
2023;2;Setúbal;1512.85;131.0;1512
2023;2;Portalegre;113.32;40.0;1214
2023;2;Nelas;164.54;53.0;1809
2023;2;Vila do Conde;545.31;115.0;1316
2023;2;Felgueiras;279.15999999999997;83.0;1303
2023;2;Montalegre;71.62;20.0;1706
2023;2;Almeida;32.22;6.0;0902
2023;2;Santa Comba Dão;71.02;30.0;1814
2023;2;Amares;180.94;55.0;0301
2023;2;Moimenta da Beira;133.46;28.0;1807
2023;2;Tomar;253.44;84.0;1418
2023;2;Macedo de Cavaleiros;84.75;27.0;0405
2023;2;Vieira do Minho;48.870000000000005;20.0;0311
2023;2;Pombal;619.88;138.0;1015
2023;2;Santa Marta de Penaguião;65.37;9.0;1711
2023;2;Sines;48.5;15.0;1513
2023;2;Ourique;37.510000000000005;20.0;0212
2023;2;Borba;178.04;13.0;0703
2023;2;Guimarães;1554.4699999999998;310.0;0308
2023;2;Vila Franca de Xira;784.1100000000001;61.0;1114
2023;2;Murtosa;116.28999999999999;23.0;0112
2023;2;Lagos;201.8;55.0;0807
2023;2;Tarouca;87.96999999999998;17.0;1820
2023;2;Oliveira do Bairro;210.99999999999997;72.0;0114
2023;2;Mértola;27.969999999999995;12.0;0209
2023;2;Vila de Rei;54.83;9.0;0510
2023;2;Mondim de Basto;31.09;16.0;1705
2023;2;Mesão Frio;28.31;10.0;1704
2023;2;Valongo;232.67;77.0;1315
2023;2;Amadora;97.46000000000001;20.0;1115
2023;2;Lamego;137.02;22.0;1805
2023;2;Marinha Grande;423.80999999999995;84.0;1010
2023;2;Évora;1781.34;72.0;0705
2023;2;Carregal do Sal;67.11;21.0;1802
2023;2;Marvão;24.21;7.0;1210
2023;2;Vimioso;58.2;12.0;0411
2023;2;Palmela;432.74;118.0;1508
2023;2;Oliveira do Hospital;267.95000000000005;48.0;0611
2023;2;Alter do Chão;23.639999999999997;9.0;1201
2023;2;Sintra;1636.38;240.0;1111
2023;2;Fronteira;34.58;3.0;1208
2023;2;Cuba;66.19999999999999;8.0;0207
2023;2;Salvaterra de Magos;425.2;77.0;1415
2023;2;Vila Nova de Poiares;26.109999999999996;18.0;0617
2023;2;Terras de Bouro;31.68;12.0;0310
2023;2;Figueira da Foz;496.2599999999999;112.0;0605
2023;2;Vizela;116.66;32.0;0314
2023;2;Sertã;29.95;19.0;0509
2023;2;Almada;424.13;165.0;1503
2023;2;Gondomar;542.86;124.0;1304
2023;2;Figueiró dos Vinhos;27.79;9.0;1008
2023;2;Moura;128.71;24.0;0210
2023;2;Loulé;707.38;136.0;0808
2023;2;Vila Pouca de Aguiar;65.14;25.0;1713
2023;2;Caminha;85.48;38.0;1602
2023;2;Barcelos;1014.9300000000001;287.0;0302
2023;2;Ílhavo;268.06;92.0;0110
2023;2;Águeda;1070.78;88.0;0101
2023;2;Ovar;383.1;106.0;0115
2023;2;Arraiolos;197.04;21.0;0702
2023;2;Alpiarça;191.61999999999998;16.0;1404
2023;2;Fornos de Algodres;11.69;7.0;0905
2023;2;Oeiras;469.28000000000003;89.0;1110
2023;2;Castelo Branco;391.56;105.0;0502
2023;2;Albufeira;396.14;86.0;0801
2023;2;Vila Nova de Gaia;1111.02;258.0;1317
2023;2;Castro Verde;27.64;19.0;0206
2023;2;Carrazeda de Ansiães;36.31999999999999;8.0;0403
2023;2;Reguengos de Monsaraz;116.14;17.0;0711
2023;2;Miranda do douro;56.150000000000006;12.0;0406
2023;2;Ponte da Barca;63.62;25.0;1606
2023;2;Aljustrel;43.36;11.0;0201
2023;2;Murça;40.019999999999996;17.0;1707
2023;2;Belmonte;12.739999999999998;8.0;0501
2023;2;Almodôvar;146.2;6.0;0202
2023;2;Mourão;3.5;2.0;0708
2024;1;Santiago do Cacém;431.15000000000003;85.0;1509
2024;1;Armamar;191.49;41.0;1801
2024;1;Miranda do Corvo;169.2;44.0;0609
2024;1;Cartaxo;391.31;86.0;1406
2024;1;Cascais;1929.75;436.0;1105
2024;1;Vila Nova de Famalicão;3231.85;348.0;0312
2024;1;Nazaré;411.0799999999999;35.0;1011
2024;1;Batalha;1230.01;75.0;1004
2024;1;Ansião;395.1700000000001;36.0;1003
2024;1;Crato;93.03;14.0;1206
2024;1;Vimioso;117.17;15.0;0411
2024;1;Penedono;60.849999999999994;19.0;1812
2024;1;Elvas;1191.8;42.0;1207
2024;1;Fronteira;101.76;15.0;1208
2024;1;Vila Nova de Poiares;205.77999999999997;46.0;0617
2024;1;Ovar;1756.2800000000002;143.0;0115
2024;1;Castro Marim;117.71000000000001;30.0;0804
2024;1;Guimarães;5187.1;484.0;0308
2024;1;Arronches;36.76;7.0;1202
2024;1;Maia;1342.83;234.0;1306
2024;1;Tábua;749.18;51.0;0616
2024;1;Avis;272.9;31.0;1203
2024;1;Vila Real;1336.77;205.0;1714
2024;1;Alcochete;371.28000000000003;37.0;1502
2024;1;Figueira de Castelo Rodrigo;78.28999999999999;15.0;0904
2024;1;Cadaval;713.94;54.0;1104
2024;1;Marvão;13.040000000000001;4.0;1210
2024;1;Portel;157.81;18.0;0709
2024;1;Salvaterra de Magos;547.99;134.0;1415
2024;1;Miranda do douro;89.99;23.0;0406
2024;1;Vagos;1093.3000000000002;94.0;0118
2024;1;Braga;2512.54;401.0;0303
2024;1;Tondela;834.5500000000001;125.0;1821
2024;1;Almeida;62.06;20.0;0902
2024;1;Sernancelhe;439.27000000000004;33.0;1818
2024;1;Coruche;962.3999999999999;100.0;1409
2024;1;Moura;533.33;48.0;0210
2024;1;Belmonte;122.64000000000001;28.0;0501
2024;1;Rio Maior;1114.94;104.0;1414
2024;1;Terras de Bouro;73.83;26.0;0310
2024;1;São Brás de Alportel;295.52;57.0;0812
2024;1;Moita;333.84;88.0;1506
2024;1;Mação;360.1;38.0;1413
2024;1;Gavião;34.72;15.0;1209
2024;1;Loulé;1505.9900000000002;237.0;0808
2024;1;Estarreja;869.5999999999999;85.0;0108
2024;1;Pinhel;193.68;15.0;0910
2024;1;Amarante;1057.99;266.0;1301
2024;1;Constância;67.58;9.0;1408
2024;1;Sardoal;55.96;14.0;1417
2024;1;Lousada;796.4899999999999;120.0;1305
2024;1;Sines;414.15;32.0;1513
2024;1;Valença;291.65999999999997;47.0;1608
2024;1;Torres Novas;828.8599999999999;168.0;1419
2024;1;Vila Verde;625.03;178.0;0313
2024;1;Óbidos;304.3;108.0;1012
2024;1;Macedo de Cavaleiros;220.27999999999997;48.0;0405
2024;1;Odivelas;648.94;104.0;1116
2024;1;Santarém;2521.5;221.0;1416
2024;2;Portimão;1640.75;75.0;0811
2024;2;Santarém;1616.9;199.0;1416
2024;2;Viana do Castelo;1020.21;155.0;1609
2024;2;Valença;50.89;22.0;1608
2024;2;Penafiel;519.42;183.0;1311
2024;2;Terras de Bouro;95.87;26.0;0310
2024;2;Cadaval;226.48;55.0;1104
2024;2;Vendas Novas;791.1;32.0;0712
2024;2;Peniche;275.62;46.0;1014
2024;2;Borba;332.82000000000005;16.0;0703
2024;2;Chamusca;201.71;20.0;1407
2024;2;Penalva do Castelo;96.92;27.0;1811
2024;2;Bombarral;403.38;57.0;1005
2024;2;Cabeceiras de Basto;588.4300000000001;39.0;0304
2024;2;Montemor-o-Novo;179.54999999999998;53.0;0706
2024;2;Ovar;1788.2699999999998;101.0;0115
2024;2;Nelas;105.82;46.0;1809
2024;2;Belmonte;44.42;17.0;0501
2024;2;Arronches;12.8;6.0;1202
2024;2;Odemira;649.63;64.0;0211
2024;2;Pedrógão Grande;34.94;13.0;1013
2024;2;Santa Comba Dão;83.45;38.0;1814
2024;2;Montemor-o-Velho;255.95;64.0;0610
2024;2;Viseu;1882.97;233.0;1823
2024;2;Penamacor;28.57;11.0;0507
2024;2;Vila Pouca de Aguiar;349.45;26.0;1713
2024;2;Lagos;736.42;77.0;0807
2024;2;Rio Maior;661.3;62.0;1414
2024;2;Figueira de Castelo Rodrigo;44.91;12.0;0904
2024;2;Fundão;1063.96;87.0;0504
2024;2;Portalegre;157.25;34.0;1214
2024;2;Oliveira do Hospital;121.16000000000003;45.0;0611
2024;2;Alcanena;1579.55;43.0;1402
2024;2;Lagoa;438.3999999999999;65.0;0806
2024;2;Vila Nova de Cerveira;622.5800000000002;27.0;1610
2024;2;Almada;633.72;203.0;1503
2024;2;Alijó;272.46;40.0;1701
2024;2;Vila Nova da Barquinha;82.83;22.0;1420
2024;2;Arouca;232.92999999999998;70.0;0104
2024;2;Vila Velha de Ródão;53.68000000000001;13.0;0511
2024;2;Lisboa;1315.75;211.0;1106
2024;2;São João da Madeira;840.2800000000002;17.0;0116
2024;2;Estremoz;538.76;28.0;0704
2024;2;Vidigueira;269.55;13.0;0214
2024;2;Barreiro;931.6500000000001;41.0;1504
2024;2;Fafe;1021.83;144.0;0307
2024;2;Chaves;551.41;89.0;1703
2024;2;Vila do Conde;1782.2;174.0;1316
2024;2;Valongo;775.9300000000001;89.0;1315
2024;2;Ribeira de Pena;18.17;13.0;1709
2024;2;Amarante;789.67;123.0;1301
2024;2;Torre de Moncorvo;70.53;16.0;0409
2024;2;Mourão;32.36;10.0;0708
2024;2;Murtosa;216.97;25.0;0112
2024;2;Idanha-a-Nova;277.21000000000004;29.0;0505
2024;2;Setúbal;1079.9099999999999;176.0;1512
2024;2;Estarreja;560.51;48.0;0108
2024;2;Loulé;1483.85;216.0;0808
2024;2;Lamego;386.57000000000005;64.0;1805
2024;2;Sernancelhe;61.44;23.0;1818
2024;2;Albergaria-a-Velha;155.2;45.0;0102
2024;2;Redondo;458.98;22.0;0710
2024;2;São Brás de Alportel;86.62;22.0;0812
2024;2;Carregal do Sal;64.6;28.0;1802
2024;2;Ponte de Sor;1741.1599999999999;34.0;1213
2024;2;Oliveira de Azeméis;5892.889999999999;145.0;0113
2024;2;Odivelas;529.85;96.0;1116
2024;2;Valpaços;146.38;72.0;1712
2024;2;Vila de Rei;12.96;7.0;0510
2024;2;Marinha Grande;814.1899999999999;102.0;1010
2024;2;Mondim de Basto;31.4;14.0;1705
2024;2;Vila Flor;280.95;27.0;0410
2024;2;Almodôvar;144.81;19.0;0202
2024;2;Arruda dos Vinhos;133.69;34.0;1102
2024;2;Penedono;46.14;9.0;1812
2024;2;Ferreira do Zêzere;298.67;42.0;1411
2024;2;Beja;1791.1499999999999;64.0;0205
2024;2;Penela;65.25;11.0;0614
2024;2;Murça;78.31;20.0;1707
2024;2;Alcochete;668.98;19.0;1502
2024;2;Lourinhã;259.65;68.0;1108
2024;2;Vila Nova de Famalicão;3436.98;264.0;0312
2024;2;São Pedro do Sul;542.73;55.0;1816
2024;2;Castro daire;372.04999999999995;39.0;1803
2024;2;Esposende;733.6600000000001;55.0;0306
2024;2;Castro Verde;69.89999999999999;17.0;0206
2024;2;Cascais;2155.44;286.0;1105
2024;2;Paredes de Coura;75.55;22.0;1605
2024;2;Almeida;97.76;19.0;0902
2024;2;Castelo de Vide;686.1500000000001;5.0;1205
2024;2;Marvão;6.32;4.0;1210
2024;2;Castanheira de Pêra;22.980000000000004;7.0;1007
2025;1;Mangualde;54.87;24.0;1806
2025;1;Estremoz;91.35;14.0;0704
2025;1;Penacova;32.71;16.0;0613
2025;1;Mealhada;52.95;23.0;0111
2025;1;Mafra;473.54;85.0;1109
2025;1;Nazaré;73.7;17.0;1011
2025;1;Santo Tirso;680.36;68.0;1314
2025;1;Vila Pouca de Aguiar;42.019999999999996;11.0;1713
2025;1;Montemor-o-Velho;112.64000000000001;27.0;0610
2025;1;Santa Marta de Penaguião;8.72;5.0;1711
2025;1;Valongo;530.29;46.0;1315
2025;1;Loulé;594.28;91.0;0808
2025;1;Lourinhã;125.18;38.0;1108
2025;1;São João da Madeira;481.35;13.0;0116
2025;1;Barcelos;2169.41;139.0;0302
2025;1;Rio Maior;291.13;37.0;1414
2025;1;Marinha Grande;386.3399999999999;49.0;1010
2025;1;Ferreira do Alentejo;277.19;10.0;0208
2025;1;Porto;540.93;77.0;1312
2025;1;Vale de Cambra;1069.23;21.0;0119
2021;2;Cantanhede;431.05;118.0;0602
2021;2;Cabeceiras de Basto;34.79;20.0;0304
2021;2;Guimarães;1331.24;552.0;0308
2021;2;Aljustrel;47.54;20.0;0201
2021;2;Grândola;69.74;34.0;1505
2021;2;Arganil;68.4;27.0;0601
2021;2;Góis;8.3;10.0;0606
2021;2;Valpaços;139.63;60.0;1712
2021;2;Ílhavo;253.27999999999997;153.0;0110
2021;2;Cartaxo;327.6;52.0;1406
2021;2;Gavião;11.15;20.0;1209
2021;2;Viseu;601.73;351.0;1823
2021;2;Sesimbra;338.41999999999996;266.0;1511
2021;2;Idanha-a-Nova;39.36;12.0;0505
2021;2;Cinfães;28.79;27.0;1804
2021;2;Odivelas;256.37;138.0;1116
2021;2;Arraiolos;52.769999999999996;34.0;0702
2021;2;Setúbal;892.88;359.0;1512
2021;2;Alcochete;73.3;43.0;1502
2021;2;Mortágua;1339.3999999999999;38.0;1808
2021;2;Lamego;194.02999999999997;33.0;1805
2021;2;Terras de Bouro;43.45;22.0;0310
2021;2;Moura;159.85000000000002;25.0;0210
2021;2;Paredes;1118.4600000000003;119.0;1310
2021;2;Batalha;1486.09;54.0;1004
2021;2;Carrazeda de Ansiães;45.59;21.0;0403
2021;2;Alenquer;503.62;118.0;1101
2021;2;Celorico de Basto;50.949999999999996;25.0;0305
2021;2;Castro Verde;65.19;48.0;0206
2021;2;Espinho;915.49;42.0;0107
2021;2;Lisboa;295.77;136.0;1106
2021;2;Sines;47.599999999999994;8.0;1513
2021;2;Santa Marta de Penaguião;224.78000000000003;10.0;1711
2021;2;Mesão Frio;6.38;3.0;1704
2021;2;Penacova;38.4;25.0;0613
2021;2;Marco de Canaveses;189.93;131.0;1307
2021;2;Vila Nova da Barquinha;36.47;33.0;1420
2021;2;Castro Marim;37.59;30.0;0804
2021;2;Vila Nova de Poiares;96.19999999999999;19.0;0617
2021;2;Braga;2719.8900000000003;547.0;0303
2021;2;Trofa;843.68;129.0;1318
2021;2;Figueira da Foz;398.63;144.0;0605
2021;2;Vila do Conde;1067.8700000000001;255.0;1316
2021;2;Lagos;383.44000000000005;79.0;0807
2021;2;Óbidos;953.8799999999999;53.0;1012
2021;2;Arronches;28.020000000000003;7.0;1202
2021;2;Freixo de Espada À Cinta;23.470000000000002;19.0;0404
2021;2;Arouca;71.41;30.0;0104
2021;2;Cuba;50.120000000000005;15.0;0207
2021;2;Ferreira do Zêzere;75.4;17.0;1411
2021;2;Loulé;783.59;184.0;0808
2021;2;Cadaval;57.489999999999995;47.0;1104
2021;2;Aguiar da Beira;22.05;10.0;0901
2021;2;Trancoso;64.55000000000001;21.0;0913
2021;2;Portel;70.82;18.0;0709
2021;2;Mogadouro;10.83;13.0;0408
2021;2;Fundão;192.15999999999997;58.0;0504
2021;2;Miranda do douro;50.1;14.0;0406
2021;2;Paredes de Coura;26.61;13.0;1605
2021;2;Miranda do Corvo;30.729999999999997;21.0;0609
2021;2;Oeiras;1200.23;177.0;1110
2021;2;Ponte de Sor;42.31;38.0;1213
2021;2;Avis;9.34;8.0;1203
2021;2;Borba;48.21;14.0;0703
2021;2;Alcobaça;995.49;147.0;1001
2021;2;Caminha;49.980000000000004;39.0;1602
2021;2;Macedo de Cavaleiros;24.59;22.0;0405
2021;2;Murça;67.92;23.0;1707
2021;2;Figueiró dos Vinhos;9.07;7.0;1008
2021;2;Peniche;224.64000000000001;49.0;1014
2021;2;Oliveira do Bairro;248.89;75.0;0114
2021;2;Redondo;15.32;9.0;0710
2021;2;Ourém;317.72;112.0;1421
2021;2;Mondim de Basto;29.61;21.0;1705
2021;2;Monção;119.9;16.0;1604
2021;2;Vidigueira;5.27;9.0;0214
2021;2;Castro daire;208.63;25.0;1803
2021;2;Ourique;74.78999999999999;22.0;0212
2021;2;Aveiro;1491.6000000000001;224.0;0105
2021;2;Beja;128.55;50.0;0205
2021;2;Mora;104.58;17.0;0707
2021;2;Penamacor;28.8;15.0;0507
2021;2;Soure;72.75000000000001;55.0;0615
2021;2;Elvas;115.47999999999999;26.0;1207
2021;2;Crato;17.200000000000003;13.0;1206
2021;2;Fafe;247.56999999999996;112.0;0307
2021;2;Ponte de Lima;600.5799999999999;89.0;1607
2021;2;Marvão;18.8;10.0;1210
2021;2;Esposende;207.78999999999996;120.0;0306
2021;2;Sernancelhe;43.4;8.0;1818
2021;2;Gondomar;851.84;231.0;1304
2021;2;Sever do Vouga;90.85000000000001;34.0;0117
2021;2;Nisa;30.47;22.0;1212
2021;2;Sabugal;106.97999999999999;35.0;0911
2021;2;Nazaré;103.48;39.0;1011
2021;2;Mêda;17.5;9.0;0909
2021;2;Montalegre;55.05;15.0;1706
2021;2;Barrancos;3.0;1.0;0204
2022;1;Vizela;381.84;132.0;0314
2022;1;Mora;30.920000000000005;23.0;0707
2022;1;Vila Nova de Gaia;1686.4000000000005;561.0;1317
2022;1;Terras de Bouro;32.47;28.0;0310
2022;1;Avis;23.44;12.0;1203
2022;1;Nazaré;110.69999999999999;56.0;1011
2022;1;Reguengos de Monsaraz;51.12;29.0;0711
2022;1;Odivelas;281.01;142.0;1116
2022;1;Mourão;73.73;7.0;0708
2022;1;Murtosa;227.25;40.0;0112
2022;1;Cabeceiras de Basto;83.58999999999999;37.0;0304
2022;1;Espinho;131.35;64.0;0107
2022;1;Santa Maria da Feira;3001.07;434.0;0109
2022;1;Amares;181.56;79.0;0301
2022;1;Paredes de Coura;74.42;23.0;1605
2022;1;Montemor-o-Velho;243.67000000000002;98.0;0610
2022;1;Almeida;102.79;18.0;0902
2022;1;Sever do Vouga;314.54;38.0;0117
2022;1;Castelo de Vide;36.55;21.0;1205
2022;1;Sobral de Monte Agraço;294.73999999999995;45.0;1112
2022;1;Celorico da Beira;26.560000000000002;17.0;0903
2022;1;Tomar;653.73;134.0;1418
2022;1;Melgaço;45.57;13.0;1603
2022;1;Cartaxo;300.39;72.0;1406
2022;1;Oleiros;80.47;30.0;0506
2022;1;Mangualde;414.81;64.0;1806
2022;1;Penalva do Castelo;26.54;16.0;1811
2022;1;Moita;408.58;133.0;1506
2022;1;Constância;20.45;14.0;1408
2022;1;Lagoa;336.21000000000004;80.0;0806
2022;1;Proença-a-Nova;93.58;30.0;0508
2022;1;Oeiras;1578.55;282.0;1110
2022;1;Vila Real;855.3100000000002;158.0;1714
2022;1;Sines;63.43;32.0;1513
2022;1;Tarouca;32.92;21.0;1820
2022;1;Borba;79.55;16.0;0703
2022;1;Esposende;294.87;139.0;0306
2022;1;Monção;443.63;33.0;1604
2022;1;Alcanena;1606.34;55.0;1402
2022;1;Faro;474.62;119.0;0805
2022;1;Alcoutim;2.1;2.0;0802
2022;1;Trofa;1948.98;140.0;1318
2022;1;Castro daire;146.1;54.0;1803
2022;1;Beja;598.1800000000001;61.0;0205
2022;1;Valongo;690.64;199.0;1315
2022;1;Silves;232.04999999999995;79.0;0813
2022;1;Vila Nova de Poiares;34.68;29.0;0617
2022;1;Vila Real de Santo António;63.620000000000005;28.0;0816
2022;1;Condeixa-a-Nova;131.71;74.0;0604
2022;1;Viana do Castelo;766.4200000000001;281.0;1609
2022;1;Santa Comba Dão;176.79000000000002;49.0;1814
2022;1;Figueira de Castelo Rodrigo;124.98;13.0;0904
2022;1;Pedrógão Grande;28.82;14.0;1013
2022;1;Gavião;136.11999999999998;22.0;1209
2022;1;Amadora;1206.53;37.0;1115
2022;1;Vouzela;133.77;70.0;1824
2022;1;Alijó;60.61000000000001;22.0;1701
2022;1;Alcácer do Sal;65.08;29.0;1501
2022;1;Chaves;610.45;153.0;1703
2022;1;Portimão;559.5500000000001;83.0;0811
2022;1;Redondo;29.65;9.0;0710
2022;1;Caldas da Rainha;432.91;128.0;1006
2022;1;Tabuaço;18.630000000000003;14.0;1819
2022;1;Figueiró dos Vinhos;32.03;17.0;1008
2022;1;Sabrosa;200.44;26.0;1710
2022;1;Ribeira de Pena;26.660000000000004;14.0;1709
2022;1;Lousã;166.88;49.0;0607
2022;1;Braga;2422.74;508.0;0303
2022;1;Soure;590.4300000000001;74.0;0615
2022;1;Sátão;106.25999999999999;64.0;1817
2022;1;Bragança;555.52;151.0;0402
2022;1;Porto;773.7600000000001;201.0;1312
2022;1;Mação;63.19;39.0;1413
2022;1;Felgueiras;1471.78;228.0;1303
2022;1;Montijo;646.12;98.0;1507
2022;1;Odemira;361.93999999999994;103.0;0211
2022;1;Macedo de Cavaleiros;292.59;35.0;0405
2022;1;Covilhã;1331.12;119.0;0503
2022;1;Gouveia;170.32999999999998;55.0;0906
2022;1;Santa Marta de Penaguião;29.28;9.0;1711
2022;1;Lamego;237.92;47.0;1805
2022;1;Almada;1158.6599999999999;438.0;1503
2022;1;Ponte da Barca;26.55;19.0;1606
2022;1;Olhão;278.26;91.0;0810
2022;1;Moimenta da Beira;54.11000000000001;28.0;1807
2022;1;Aguiar da Beira;91.6;14.0;0901
2022;1;Nelas;106.22;62.0;1809
2022;1;Batalha;376.3;89.0;1004
2022;1;Vila Nova da Barquinha;60.769999999999996;47.0;1420
2022;1;Crato;30.810000000000002;15.0;1206
2022;1;Cadaval;125.06;47.0;1104
2022;1;Miranda do douro;181.58999999999997;25.0;0406
2022;1;Murça;30.61;29.0;1707
2022;1;Mértola;36.53;22.0;0209
2022;1;Cantanhede;703.59;145.0;0602
2022;1;Évora;333.32000000000005;120.0;0705
2022;1;Mondim de Basto;16.549999999999997;11.0;1705
2022;1;Mesão Frio;7.75;4.0;1704
2022;2;Évora;604.56;144.0;0705
2022;2;Montijo;618.18;79.0;1507
2022;2;Ferreira do Alentejo;548.27;26.0;0208
2022;2;Azambuja;394.28000000000003;56.0;1103
2022;2;Nazaré;104.18999999999998;49.0;1011
2022;2;Paredes;1984.0299999999997;291.0;1310
2022;2;Vila Verde;1183.33;245.0;0313
2022;2;Miranda do douro;20.22;10.0;0406
2022;2;Alcochete;95.58000000000001;34.0;1502
2022;2;Barcelos;3989.76;622.0;0302
2022;2;Guarda;619.1600000000001;86.0;0907
2022;2;Oliveira de Frades;398.22;64.0;1810
2022;2;Mira;122.19;40.0;0608
2022;2;Vila Nova de Gaia;2510.4300000000003;615.0;1317
2022;2;Maia;3359.79;322.0;1306
2022;2;Marinha Grande;1711.88;189.0;1010
2022;2;Soure;1808.59;109.0;0615
2022;2;Estarreja;1911.73;75.0;0108
2022;2;Castro daire;252.56000000000003;61.0;1803
2022;2;Ílhavo;2327.7599999999998;139.0;0110
2022;2;Sátão;153.96;61.0;1817
2022;2;Penacova;326.34000000000003;131.0;0613
2022;2;Torres Vedras;1845.7999999999997;301.0;1113
2022;2;Sesimbra;569.38;294.0;1511
2022;2;Palmela;758.33;262.0;1508
2022;2;Cantanhede;1424.09;138.0;0602
2022;2;Redondo;89.71;12.0;0710
2022;2;Vidigueira;32.93;16.0;0214
2022;2;Fafe;939.84;324.0;0307
2022;2;Torres Novas;393.06999999999994;210.0;1419
2022;2;Cinfães;55.51;33.0;1804
2022;2;Pedrógão Grande;32.269999999999996;20.0;1013
2022;2;Ovar;1218.7;175.0;0115
2022;2;Gouveia;67.67;39.0;0906
2022;2;Mêda;69.57000000000001;11.0;0909
2022;2;Paredes de Coura;180.86;38.0;1605
2022;2;Oleiros;163.79000000000002;24.0;0506
2022;2;Tomar;625.68;155.0;1418
2022;2;Mealhada;416.51;85.0;0111
2022;2;Lagos;429.34;99.0;0807
2022;2;Leiria;5484.79;661.0;1009
2022;2;Valongo;1219.27;236.0;1315
2022;2;Vinhais;121.05000000000001;24.0;0412
2022;2;Arganil;96.33999999999999;51.0;0601
2022;2;Oliveira de Azeméis;2753.34;185.0;0113
2022;2;Mirandela;122.74;68.0;0407
2022;2;Óbidos;730.47;77.0;1012
2022;2;Lousã;77.28;44.0;0607
2022;2;Santa Maria da Feira;4176.799999999999;390.0;0109
2022;2;Oliveira do Bairro;2391.49;147.0;0114
2022;2;Rio Maior;583.0699999999999;73.0;1414
2022;2;Trancoso;191.81;39.0;0913
2022;2;Murça;54.64;41.0;1707
2022;2;Torre de Moncorvo;112.32;18.0;0409
2022;2;Vila de Rei;6.5;3.0;0510
2022;2;Coruche;290.76;68.0;1409
2022;2;Castro Marim;87.52000000000001;50.0;0804
2022;2;Arouca;377.34000000000003;61.0;0104
2022;2;Serpa;352.69;31.0;0213
2022;2;Ribeira de Pena;195.76999999999998;27.0;1709
2022;2;Ourique;47.11;31.0;0212
2022;2;Guimarães;5048.620000000001;727.0;0308
2022;2;Santa Comba Dão;97.32;31.0;1814
2022;2;Estremoz;67.66999999999999;23.0;0704
2022;2;Carrazeda de Ansiães;53.69;24.0;0403
2022;2;Benavente;670.48;116.0;1405
2022;2;Odemira;242.25;125.0;0211
2022;2;Amarante;523.8799999999999;205.0;1301
2022;2;Avis;10.74;8.0;1203
2022;2;Sobral de Monte Agraço;199.77999999999997;32.0;1112
2022;2;Crato;11.760000000000002;9.0;1206
2022;2;Caminha;238.47999999999996;52.0;1602
2022;2;Viseu;1466.35;437.0;1823
2022;2;Marvão;22.77;15.0;1210
2022;2;Paços de Ferreira;865.8500000000001;282.0;1309
2022;2;Sines;45.879999999999995;30.0;1513
2022;2;Baião;108.94;30.0;1302
2022;2;São João da Madeira;430.34999999999997;33.0;0116
2022;2;Albufeira;735.75;160.0;0801
2022;2;Oeiras;772.9399999999999;202.0;1110
2022;2;Arraiolos;128.76;37.0;0702
2022;2;Seia;293.42;86.0;0912
2022;2;Sabrosa;133.13;36.0;1710
2022;2;Moita;1266.63;110.0;1506
2022;2;Aguiar da Beira;251.58;19.0;0901
2022;2;Tabuaço;21.119999999999997;9.0;1819
2022;2;Condeixa-a-Nova;127.46;55.0;0604
2022;2;Olhão;461.72;102.0;0810
2022;2;Vila Viçosa;23.7;11.0;0714
2022;2;Fronteira;8.33;7.0;1208
2022;2;Mora;8.25;8.0;0707
2022;2;Sardoal;34.24;20.0;1417
2023;1;Abrantes;431.94000000000005;143.0;1401
2023;1;Salvaterra de Magos;263.7;181.0;1415
2023;1;Gondomar;722.8100000000001;433.0;1304
2023;1;Terras de Bouro;142.66;43.0;0310
2023;1;Póvoa de Lanhoso;278.73;136.0;0309
2023;1;Santo Tirso;2375.7699999999995;515.0;1314
2023;1;Moita;321.01000000000005;135.0;1506
2023;1;Tavira;305.25;106.0;0814
2023;1;Marvão;56.58;22.0;1210
2023;1;Alvaiázere;56.550000000000004;28.0;1002
2023;1;Murça;74.73;41.0;1707
2023;1;Águeda;1575.91;200.0;0101
2023;1;Sátão;160.32999999999998;42.0;1817
2023;1;Celorico de Basto;120.11999999999999;56.0;0305
2023;1;Loulé;2397.29;425.0;0808
2023;1;Fronteira;221.91;14.0;1208
2023;1;Boticas;109.78;28.0;1702
2023;1;Viseu;1664.44;510.0;1823
2023;1;Mértola;56.010000000000005;30.0;0209
2023;1;Figueiró dos Vinhos;54.019999999999996;29.0;1008
2023;1;Sernancelhe;35.9;20.0;1818
2023;1;Vila Pouca de Aguiar;173.04;73.0;1713
2023;1;Alcácer do Sal;416.76;69.0;1501
2023;1;Elvas;216.87;48.0;1207
2023;1;Albergaria-a-Velha;421.14000000000004;79.0;0102
2023;1;Santa Maria da Feira;3040.7300000000005;446.0;0109
2023;1;Vendas Novas;103.41;31.0;0712
2023;1;Figueira de Castelo Rodrigo;67.32;20.0;0904
2023;1;Castro Verde;81.22;39.0;0206
2023;1;Alijó;217.15;64.0;1701
2023;1;Vila Flor;99.50999999999999;31.0;0410
2023;1;Soure;164.28;73.0;0615
2023;1;Peniche;154.31;76.0;1014
2023;1;Vila Verde;734.21;336.0;0313
2023;1;Benavente;550.48;131.0;1405
2023;1;Cascais;1817.7399999999998;712.0;1105
2023;1;Aljustrel;239.37;54.0;0201
2023;1;Mação;122.05999999999999;35.0;1413
2023;1;Sabugal;167.53;50.0;0911
2023;1;Esposende;413.03;224.0;0306
2023;1;Viana do Castelo;1102.07;488.0;1609
2023;1;Maia;1793.6299999999999;359.0;1306
2023;1;Arouca;199.57;103.0;0104
2023;1;Vila Real de Santo António;163.32;38.0;0816
2023;1;Porto;820.1299999999999;235.0;1312
2023;1;Albufeira;671.69;250.0;0801
2023;1;Chaves;430.5999999999999;214.0;1703
2023;1;Aveiro;994.48;251.0;0105
2023;1;Alpiarça;65.56;43.0;1404
2023;1;Condeixa-a-Nova;218.14;82.0;0604
2023;1;Lourinhã;514.1700000000001;186.0;1108
2023;1;Anadia;384.03;118.0;0103
2023;1;Bombarral;611.73;84.0;1005
2023;1;Cabeceiras de Basto;188.43999999999997;48.0;0304
2023;1;Santarém;2094.0099999999998;334.0;1416
2023;1;Miranda do douro;200.19;26.0;0406
2023;1;Entroncamento;94.06;67.0;1410
2023;1;Leiria;4042.3999999999996;774.0;1009
2023;1;Faro;732.93;261.0;0805
2023;1;Vila Nova de Cerveira;125.36000000000001;57.0;1610
2023;1;Porto de Mós;384.06999999999994;100.0;1016
2023;1;Mafra;1382.3;520.0;1109
2023;1;Barreiro;154.57999999999998;88.0;1504
2023;1;Pinhel;153.43;31.0;0910
2023;1;Aljezur;206.15;44.0;0803
2023;1;Gouveia;97.95;43.0;0906
2023;1;Lagos;1046.21;186.0;0807
2023;1;Torre de Moncorvo;80.75999999999998;21.0;0409
2023;1;Sines;297.85;39.0;1513
2023;1;Braga;2600.7200000000003;976.0;0303
2023;1;Monchique;101.5;23.0;0809
2023;1;Almeida;315.27000000000004;55.0;0902
2023;1;Cinfães;101.66;48.0;1804
2023;1;Castelo Branco;1001.3000000000001;278.0;0502
2023;1;Évora;566.15;186.0;0705
2023;1;Vouzela;275.02;90.0;1824
2023;1;Mirandela;219.61;103.0;0407
2023;1;Sardoal;40.05;18.0;1417
2023;1;Penamacor;135.23;24.0;0507
2023;1;Oliveira de Azeméis;1385.45;234.0;0113
2023;1;Alcochete;388.94;62.0;1502
2023;1;Proença-a-Nova;131.34;57.0;0508
2023;1;Mangualde;297.21;93.0;1806
2023;1;Mesão Frio;5.8100000000000005;10.0;1704
2023;1;Viana do Alentejo;69.78999999999999;25.0;0713
2023;1;Ferreira do Zêzere;127.3;31.0;1411
2023;1;Fafe;544.77;210.0;0307
2023;1;Ílhavo;622.1000000000001;179.0;0110
2023;1;Almodôvar;72.58;20.0;0202
2023;1;Ovar;673.09;281.0;0115
2023;1;Sousel;35.37;16.0;1215
2023;1;Peso da Régua;88.72;31.0;1708
2023;1;Manteigas;3.3;2.0;0908
2023;2;Vila Velha de Ródão;29.75;16.0;0511
2023;2;Peso da Régua;19.630000000000003;17.0;1708
2023;2;Aljezur;60.31;23.0;0803
2023;2;Penamacor;149.79;13.0;0507
2023;2;Cinfães;64.96000000000001;18.0;1804
2023;2;Pedrógão Grande;13.56;7.0;1013
2023;2;Estremoz;64.62;15.0;0704
2023;2;Baião;64.68;26.0;1302
2023;2;Nazaré;159.72000000000003;21.0;1011
2023;2;Ribeira de Pena;28.57;8.0;1709
2023;2;Sernancelhe;58.58;11.0;1818
2023;2;Vinhais;48.58;15.0;0412
2023;2;Figueira de Castelo Rodrigo;41.2;15.0;0904
2023;2;Armamar;96.02;12.0;1801
2023;2;Coruche;343.86000000000007;26.0;1409
2023;2;Proença-a-Nova;50.129999999999995;27.0;0508
2023;2;Penacova;52.09;24.0;0613
2023;2;Viana do Alentejo;48.089999999999996;14.0;0713
2023;2;Lousã;50.410000000000004;24.0;0607
2023;2;Penela;46.629999999999995;22.0;0614
2023;2;Celorico da Beira;23.2;16.0;0903
2023;2;Penafiel;572.1700000000001;171.0;1311
2023;2;Amarante;252.31999999999996;128.0;1301
2023;2;Sardoal;23.450000000000003;12.0;1417
2023;2;Mangualde;96.46000000000001;39.0;1806
2023;2;Ferreira do Zêzere;44.150000000000006;20.0;1411
2023;2;Nisa;55.730000000000004;14.0;1212
2023;2;Covilhã;1317.9299999999998;75.0;0503
2023;2;Idanha-a-Nova;74.75999999999999;17.0;0505
2023;2;Vale de Cambra;273.98;48.0;0119
2023;2;Castro Marim;37.769999999999996;13.0;0804
2023;2;Sabugal;69.39;20.0;0911
2023;2;Arganil;211.52;42.0;0601
2023;2;Caldas da Rainha;420.84000000000003;98.0;1006
2023;2;Seia;65.97;32.0;0912
2023;2;Elvas;98.3;24.0;1207
2023;2;Vagos;401.21;39.0;0118
2023;2;Estarreja;160.82999999999998;62.0;0108
2023;2;Fafe;444.54999999999995;176.0;0307
2023;2;Vidigueira;81.6;9.0;0214
2023;2;Montijo;189.26;47.0;1507
2023;2;Alcanena;98.31;30.0;1402
2023;2;São Pedro do Sul;136.39999999999998;53.0;1816
2023;2;Lagoa;394.02;67.0;0806
2023;2;Entroncamento;62.459999999999994;37.0;1410
2023;2;Portel;19.19;10.0;0709
2023;2;Ponte de Sor;109.65;24.0;1213
2023;2;Peniche;228.22000000000003;31.0;1014
2023;2;Ferreira do Alentejo;130.66;12.0;0208
2023;2;Pinhel;72.39;18.0;0910
2023;2;Avis;60.0;7.0;1203
2023;2;Gavião;17.12;12.0;1209
2023;2;Arcos de Valdevez;104.54;41.0;1601
2023;2;Tondela;196.71;62.0;1821
2023;2;Vila Nova de Cerveira;211.2;30.0;1610
2023;2;Ansião;982.8199999999999;24.0;1003
2023;2;Tavira;256.85;65.0;0814
2023;2;Alvaiázere;63.35999999999999;24.0;1002
2023;2;Vila Viçosa;26.189999999999998;8.0;0714
2023;2;Loures;667.3499999999999;132.0;1107
2023;2;Oleiros;25.500000000000004;11.0;0506
2023;2;Bombarral;71.49000000000001;24.0;1005
2023;2;Torres Novas;681.1299999999999;98.0;1419
2023;2;Aguiar da Beira;109.83000000000001;13.0;0901
2023;2;Santo Tirso;461.52;100.0;1314
2023;2;Silves;276.31000000000006;85.0;0813
2023;2;Celorico de Basto;173.57999999999998;89.0;0305
2023;2;Penalva do Castelo;51.449999999999996;20.0;1811
2023;2;Vila do Bispo;198.69;20.0;0815
2023;2;Resende;77.36000000000001;28.0;1813
2023;2;Lousada;252.14;65.0;1305
2023;2;Tábua;1637.79;26.0;0616
2023;2;Arronches;18.439999999999998;6.0;1202
2023;2;Grândola;83.14;24.0;1505
2023;2;Anadia;233.52;84.0;0103
2023;2;Rio Maior;119.85;49.0;1414
2023;2;Castelo de Paiva;85.83;32.0;0106
2023;2;Torre de Moncorvo;30.46;12.0;0409
2023;2;São João da Madeira;297.46000000000004;11.0;0116
2023;2;Viana do Castelo;887.06;199.0;1609
2023;2;Boticas;13.64;5.0;1702
2023;2;Ponte de Lima;321.59;107.0;1607
2023;2;Seixal;1221.78;217.0;1510
2023;2;Vila Nova de Famalicão;1438.64;224.0;0312
2023;2;Lisboa;964.07;71.0;1106
2023;2;Vila Nova de Foz Côa;153.25;10.0;0914
2023;2;Monchique;17.58;4.0;0809
2023;2;Manteigas;4.62;2.0;0908
2023;2;Castanheira de Pêra;10.74;4.0;1007
2023;2;Monforte;0.25;3.0;1211
2024;1;Vila Nova de Foz Côa;55.56999999999999;19.0;0914
2024;1;Espinho;131.35000000000002;35.0;0107
2024;1;Fundão;512.53;89.0;0504
2024;1;Vendas Novas;303.52;70.0;0712
2024;1;Tabuaço;44.0;20.0;1819
2024;1;Alvito;74.6;10.0;0203
2024;1;Ferreira do Alentejo;230.54000000000002;29.0;0208
2024;1;Torre de Moncorvo;82.13;21.0;0409
2024;1;Santo Tirso;2024.1999999999998;192.0;1314
2024;1;Manteigas;2.28;4.0;0908
2024;1;Vila Nova da Barquinha;53.7;36.0;1420
2024;1;Azambuja;922.0400000000001;62.0;1103
2024;1;Seia;176.68;65.0;0912
2024;1;Paços de Ferreira;1524.04;147.0;1309
2024;1;Torres Vedras;2116.37;261.0;1113
2024;1;Marco de Canaveses;859.6300000000001;191.0;1307
2024;1;Santa Marta de Penaguião;40.339999999999996;25.0;1711
2024;1;Castelo de Paiva;155.01;74.0;0106
2024;1;Oleiros;57.92;17.0;0506
2024;1;Nisa;115.73;23.0;1212
2024;1;Mondim de Basto;76.89;28.0;1705
2024;1;Alfândega da Fé;29.07;16.0;0401
2024;1;Montemor-o-Velho;555.1499999999999;65.0;0610
2024;1;Vinhais;70.4;23.0;0412
2024;1;Mora;170.96;41.0;0707
2024;1;Aljustrel;154.85;27.0;0201
2024;1;Porto;1885.4500000000003;230.0;1312
2024;1;Faro;939.6499999999999;155.0;0805
2024;1;Águeda;1770.38;153.0;0101
2024;1;Tavira;407.86;84.0;0814
2024;1;Proença-a-Nova;178.24;35.0;0508
2024;1;Condeixa-a-Nova;359.92;36.0;0604
2024;1;Monforte;22.25;6.0;1211
2024;1;Almada;914.5800000000002;310.0;1503
2024;1;Aveiro;2234.22;225.0;0105
2024;1;Tarouca;67.91999999999999;23.0;1820
2024;1;Porto de Mós;524.5699999999999;84.0;1016
2024;1;Bombarral;136.0;49.0;1005
2024;1;Borba;113.03999999999999;22.0;0703
2024;1;São Pedro do Sul;211.83999999999997;107.0;1816
2024;1;Cantanhede;746.14;122.0;0602
2024;1;Oeiras;2470.8199999999997;169.0;1110
2024;1;Castelo de Vide;35.260000000000005;10.0;1205
2024;1;Valpaços;279.64;77.0;1712
2024;1;Sever do Vouga;277.40999999999997;59.0;0117
2024;1;Trancoso;129.05;32.0;0913
2024;1;Vila do Conde;3089.83;224.0;1316
2024;1;Cabeceiras de Basto;118.10000000000002;52.0;0304
2024;1;Melgaço;128.04999999999998;20.0;1603
2024;1;Vila Pouca de Aguiar;284.46999999999997;62.0;1713
2024;1;Gondomar;939.4000000000001;199.0;1304
2024;1;Lousã;1075.3200000000002;40.0;0607
2024;1;Mealhada;214.17000000000002;46.0;0111
2024;1;Almeirim;464.04;97.0;1403
2024;1;Montijo;958.8399999999999;106.0;1507
2024;1;Covilhã;561.46;133.0;0503
2024;1;Peso da Régua;173.66;46.0;1708
2024;1;Murtosa;141.17;28.0;0112
2024;1;Caldas da Rainha;1742.3600000000001;249.0;1006
2024;1;Viana do Alentejo;471.99;39.0;0713
2024;1;Albufeira;1163.8500000000001;158.0;0801
2024;1;Monchique;69.85000000000001;14.0;0809
2024;1;Alcácer do Sal;781.4300000000001;67.0;1501
2024;1;Góis;42.14;23.0;0606
2024;1;Albergaria-a-Velha;1313.35;96.0;0102
2024;1;Oliveira do Bairro;1179.77;109.0;0114
2024;1;Boticas;42.25;19.0;1702
2024;1;Vila de Rei;452.74;15.0;0510
2024;1;Figueira da Foz;1000.0;154.0;0605
2024;1;Ferreira do Zêzere;101.07999999999998;39.0;1411
2024;1;Póvoa de Lanhoso;440.53;87.0;0309
2024;1;Golegã;47.53;22.0;1412
2024;1;Vila Viçosa;85.5;24.0;0714
2024;1;Chamusca;209.98;39.0;1407
2024;1;Vila Nova de Gaia;2831.41;412.0;1317
2024;1;Amares;402.61;101.0;0301
2024;1;Alcanena;397.89;54.0;1402
2024;1;Mafra;1333.6900000000003;272.0;1109
2024;1;Cinfães;76.93;43.0;1804
2024;1;Vizela;546.26;89.0;0314
2024;1;Gouveia;342.61;30.0;0906
2024;1;Alvaiázere;107.28;22.0;1002
2024;1;Penela;62.669999999999995;16.0;0614
2024;1;Sintra;4761.46;452.0;1111
2024;1;Castro Verde;128.83;34.0;0206
2024;1;Pedrógão Grande;22.120000000000005;14.0;1013
2024;1;Celorico da Beira;96.64;23.0;0903
2024;1;Murça;49.91;38.0;1707
2024;1;Idanha-a-Nova;552.6999999999999;51.0;0505
2024;1;Pombal;1791.1100000000001;223.0;1015
2024;1;Mêda;65.98000000000002;25.0;0909
2024;1;Arraiolos;375.60999999999996;57.0;0702
2024;1;Esposende;283.16999999999996;89.0;0306
2024;1;Aguiar da Beira;263.99;37.0;0901
2024;1;Vila Nova de Paiva;114.5;17.0;1822
2024;1;Caminha;241.44;63.0;1602
2024;1;Monção;455.34000000000003;63.0;1604
2024;1;Mortágua;1017.0200000000001;45.0;1808
2024;1;Barrancos;1.08;1.0;0204
2024;1;Almodôvar;121.60999999999999;19.0;0202
2024;2;Oeiras;3657.27;131.0;1110
2024;2;Barcelos;2032.7999999999997;274.0;0302
2024;2;Figueiró dos Vinhos;155.96;21.0;1008
2024;2;Caminha;118.57000000000001;43.0;1602
2024;2;Montalegre;85.29;40.0;1706
2024;2;Porto;1350.28;147.0;1312
2024;2;Arraiolos;255.5;43.0;0702
2024;2;Santa Marta de Penaguião;41.56;13.0;1711
2024;2;Miranda do douro;34.54;13.0;0406
2024;2;Alcácer do Sal;125.0;35.0;1501
2024;2;Vouzela;229.45999999999998;51.0;1824
2024;2;Cartaxo;572.99;63.0;1406
2024;2;Elvas;569.9000000000001;30.0;1207
2024;2;Palmela;1379.8700000000001;221.0;1508
2024;2;Oliveira de Frades;319.23;28.0;1810
2024;2;Penacova;167.74999999999997;31.0;0613
2024;2;Arganil;500.25;45.0;0601
2024;2;Albufeira;1117.4499999999998;143.0;0801
2024;2;Vagos;143.1;54.0;0118
2024;2;Azambuja;1967.17;53.0;1103
2024;2;Bragança;448.23;95.0;0402
2024;2;Tabuaço;34.05;7.0;1819
2024;2;Santiago do Cacém;386.66;72.0;1509
2024;2;Benavente;1241.7299999999998;83.0;1405
2024;2;Ourém;557.8899999999999;120.0;1421
2024;2;Pombal;1041.43;219.0;1015
2024;2;Sabugal;65.24000000000001;28.0;0911
2024;2;Tomar;709.3599999999999;99.0;1418
2024;2;Campo Maior;197.12;16.0;1204
2024;2;Alenquer;359.63;64.0;1101
2024;2;Silves;803.6700000000001;96.0;0813
2024;2;São João da Pesqueira;115.5;14.0;1815
2024;2;Porto de Mós;563.44;62.0;1016
2024;2;Vila Verde;587.48;142.0;0313
2024;2;Vila Nova de Poiares;115.07000000000001;32.0;0617
2024;2;Arcos de Valdevez;121.28000000000002;41.0;1601
2024;2;Constância;57.400000000000006;16.0;1408
2024;2;Celorico de Basto;386.77000000000004;45.0;0305
2024;2;Nazaré;130.95;37.0;1011
2024;2;Mação;322.05999999999995;21.0;1413
2024;2;Felgueiras;1017.6400000000001;103.0;1303
2024;2;Mêda;34.8;10.0;0909
2024;2;Mafra;1498.1899999999998;192.0;1109
2024;2;Monforte;197.48000000000002;9.0;1211
2024;2;Amares;275.71999999999997;56.0;0301
2024;2;Coruche;1008.6600000000001;71.0;1409
2024;2;Entroncamento;232.64;22.0;1410
2024;2;Macedo de Cavaleiros;82.25999999999999;36.0;0405
2024;2;Salvaterra de Magos;724.62;109.0;1415
2024;2;Vale de Cambra;438.09999999999997;62.0;0119
2024;2;Mogadouro;122.24000000000001;23.0;0408
2024;2;Portel;20.64;12.0;0709
2024;2;Miranda do Corvo;78.81;44.0;0609
2024;2;Vila Real;479.05;128.0;1714
2024;2;Reguengos de Monsaraz;434.78999999999996;32.0;0711
2024;2;Vila Nova de Paiva;139.8;17.0;1822
2024;2;Santa Maria da Feira;4806.0599999999995;236.0;0109
2024;2;Manteigas;2.48;4.0;0908
2024;2;Tarouca;87.36;17.0;1820
2024;2;Fornos de Algodres;48.739999999999995;12.0;0905
2024;2;Póvoa de Lanhoso;307.23;90.0;0309
2024;2;Ansião;67.64;25.0;1003
2024;2;Alpiarça;170.38;38.0;1404
2024;2;Almeirim;181.60999999999996;65.0;1403
2024;2;Guarda;711.9599999999999;73.0;0907
2024;2;Celorico da Beira;72.00999999999999;11.0;0903
2024;2;Caldas da Rainha;767.18;184.0;1006
2024;2;Seia;225.89;49.0;0912
2024;2;Condeixa-a-Nova;87.91;29.0;0604
2024;2;Trancoso;90.88;18.0;0913
2024;2;Amadora;276.15999999999997;44.0;1115
2024;2;Vieira do Minho;156.35;36.0;0311
2024;2;Moita;195.82999999999998;61.0;1506
2024;2;Vila do Bispo;374.21000000000004;22.0;0815
2024;2;Mealhada;125.68;36.0;0111
2024;2;Braga;2110.66;309.0;0303
2024;2;Nisa;72.19;14.0;1212
2024;2;Figueira da Foz;487.15;122.0;0605
2024;2;Peso da Régua;94.07;30.0;1708
2024;2;Batalha;422.72;53.0;1004
2024;2;Coimbra;1426.3600000000001;219.0;0603
2024;2;Leiria;1894.07;373.0;1009
2024;2;Monção;203.66;43.0;1604
2024;2;Barrancos;5.0;1.0;0204
2024;2;Póvoa de Varzim;738.6800000000001;120.0;1313
2024;2;Sardoal;34.47;8.0;1417
2024;2;Sabrosa;142.28;29.0;1710
2024;2;Tábua;123.11000000000001;42.0;0616
2024;2;Sertã;154.19;51.0;0509
2024;2;Cuba;62.24999999999999;13.0;0207
2024;2;Aljustrel;457.9099999999999;27.0;0201
2024;2;Guimarães;3199.25;347.0;0308
2024;2;Grândola;709.9399999999999;60.0;1505
2024;2;Mesão Frio;7.1000000000000005;6.0;1704
2024;2;Sintra;4153.679999999999;287.0;1111
2024;2;Pampilhosa da Serra;20.5;12.0;0612
2024;2;Carrazeda de Ansiães;156.56;24.0;0403
2024;2;Fronteira;200.86999999999998;8.0;1208
2024;2;Gavião;7.4399999999999995;9.0;1209
2024;2;Alvito;155.8;9.0;0203
2025;1;Vila Nova da Barquinha;37.28;11.0;1420
2025;1;Proença-a-Nova;41.980000000000004;14.0;0508
2025;1;Cadaval;69.28;19.0;1104
2025;1;Seixal;1236.6200000000001;125.0;1510
2025;1;Almodôvar;45.510000000000005;16.0;0202
2025;1;Condeixa-a-Nova;518.23;18.0;0604
2025;1;Vila Verde;301.81;71.0;0313
2025;1;Odivelas;240.95;31.0;1116
2025;1;Marvão;9.0;5.0;1210
2025;1;Olhão;147.7;34.0;0810
2025;1;Elvas;168.60999999999999;13.0;1207
2025;1;Vendas Novas;77.28999999999999;14.0;0712
2025;1;Póvoa de Varzim;735.55;63.0;1313
2025;1;Miranda do Corvo;64.03;19.0;0609
2025;1;Castelo de Vide;662.6;3.0;1205
2021;2;São João da Madeira;55.15;17.0;0116
2021;2;Olhão;171.92;87.0;0810
2021;2;Armamar;257.47;15.0;1801
2021;2;Almodôvar;19.87;12.0;0202
2021;2;Pedrógão Grande;9.2;10.0;1013
2021;2;Vimioso;19.08;28.0;0411
2021;2;São Brás de Alportel;162.84;48.0;0812
2021;2;Felgueiras;675.04;162.0;1303
2021;2;Coruche;206.94;60.0;1409
2021;2;Évora;1222.37;208.0;0705
2021;2;Serpa;50.61;20.0;0213
2021;2;Sardoal;24.75;15.0;1417
2021;2;Pinhel;128.43;47.0;0910
2021;2;Vila Viçosa;11.42;3.0;0714
2021;2;Vieira do Minho;84.00999999999999;23.0;0311
2021;2;Bombarral;131.07000000000002;24.0;1005
2021;2;Alvito;7.7;7.0;0203
2021;2;Mirandela;83.75999999999999;37.0;0407
2021;2;Oleiros;20.4;13.0;0506
2021;2;Belmonte;18.21;16.0;0501
2021;2;Vagos;343.76;93.0;0118
2021;2;Manteigas;1.18;2.0;0908
2021;2;Albergaria-a-Velha;178.49;62.0;0102
2021;2;Anadia;158.67000000000002;77.0;0103
2021;2;Mealhada;246.56;67.0;0111
2021;2;Vila Nova de Cerveira;29.849999999999998;18.0;1610
2021;2;Palmela;1110.69;317.0;1508
2021;2;Caldas da Rainha;450.37000000000006;111.0;1006
2021;2;Alcácer do Sal;167.6;40.0;1501
2021;2;Tabuaço;3.6799999999999997;4.0;1819
2021;2;Vila Velha de Ródão;842.2199999999999;11.0;0511
2021;2;São Pedro do Sul;114.5;41.0;1816
2021;2;Portimão;269.83;78.0;0811
2021;2;Figueira de Castelo Rodrigo;31.25;13.0;0904
2021;2;Rio Maior;973.2800000000001;65.0;1414
2021;2;Porto de Mós;813.41;61.0;1016
2021;2;Moita;161.68;89.0;1506
2021;2;Reguengos de Monsaraz;60.91;36.0;0711
2021;2;Amarante;357.78;93.0;1301
2021;2;Estarreja;796.1100000000001;61.0;0108
2021;2;Castanheira de Pêra;9.629999999999999;9.0;1007
2021;2;Proença-a-Nova;45.160000000000004;26.0;0508
2021;2;Almeirim;132.29000000000002;53.0;1403
2021;2;Nelas;57.230000000000004;33.0;1809
2021;2;Penafiel;516.6199999999999;115.0;1311
2021;2;Oliveira de Frades;111.04999999999998;41.0;1810
2021;2;Montemor-o-Velho;112.17;81.0;0610
2021;2;Oliveira do Hospital;396.03000000000003;38.0;0611
2021;2;Portalegre;983.99;67.0;1214
2021;2;Moimenta da Beira;244.32000000000002;24.0;1807
2021;2;Salvaterra de Magos;259.64;92.0;1415
2021;2;Vila Nova de Famalicão;1252.39;611.0;0312
2021;2;Faro;268.42999999999995;127.0;0805
2021;2;Vila Verde;393.28999999999996;220.0;0313
2021;2;Lousã;305.53;49.0;0607
2021;2;Mação;30.060000000000002;32.0;1413
2021;2;Sertã;184.31000000000003;42.0;0509
2021;2;Montemor-o-Novo;119.27;52.0;0706
2021;2;Porto;687.2299999999999;129.0;1312
2021;2;Amadora;237.24;46.0;1115
2021;2;Vinhais;42.260000000000005;36.0;0412
2021;2;Montijo;155.6;62.0;1507
2021;2;Monforte;18.52;6.0;1211
2021;2;Valença;20.730000000000004;16.0;1608
2021;2;Alvaiázere;17.96;11.0;1002
2021;2;Torres Novas;406.49;104.0;1419
2021;2;Vila Real de Santo António;51.61;25.0;0816
2021;2;Penalva do Castelo;81.8;9.0;1811
2021;2;Boticas;56.50000000000001;13.0;1702
2021;2;Águeda;1644.0800000000004;144.0;0101
2021;2;Oliveira de Azeméis;404.58;140.0;0113
2021;2;Barreiro;142.17000000000002;87.0;1504
2021;2;Celorico da Beira;114.42999999999999;25.0;0903
2021;2;Silves;303.69000000000005;105.0;0813
2021;2;Mira;125.08999999999999;62.0;0608
2021;2;Lourinhã;320.75;75.0;1108
2021;2;São João da Pesqueira;10.84;10.0;1815
2021;2;Vendas Novas;87.15;46.0;0712
2021;2;Covilhã;1207.6;123.0;0503
2021;2;Mangualde;101.83000000000001;51.0;1806
2021;2;Fronteira;15.5;10.0;1208
2021;2;Loures;1000.97;157.0;1107
2021;2;Albufeira;532.73;123.0;0801
2021;2;Marinha Grande;709.1700000000001;151.0;1010
2021;2;Lousada;313.94000000000005;175.0;1305
2021;2;Sabrosa;10.399999999999999;8.0;1710
2021;2;Vila Pouca de Aguiar;113.94999999999999;47.0;1713
2021;2;Penela;33.19;19.0;0614
2021;2;Alcanena;219.13;33.0;1402
2021;2;Vila Flor;9.59;10.0;0410
2021;2;Castelo de Vide;10.67;7.0;1205
2021;2;Vila de Rei;15.03;11.0;0510
2021;2;Penedono;12.28;6.0;1812
2021;2;Alcoutim;0.6;1.0;0802
2021;2;Fornos de Algodres;2.9;4.0;0905
2022;1;Anadia;286.44;122.0;0103
2022;1;Fundão;1054.54;78.0;0504
2022;1;Alandroal;21.869999999999997;18.0;0701
2022;1;Palmela;940.8;288.0;1508
2022;1;Vila Nova de Famalicão;2458.36;537.0;0312
2022;1;Campo Maior;55.91000000000001;22.0;1204
2022;1;Valença;50.68;24.0;1608
2022;1;Póvoa de Lanhoso;122.61000000000001;87.0;0309
2022;1;Vila Nova de Foz Côa;121.43999999999998;15.0;0914
2022;1;Ponte de Lima;428.83;84.0;1607
2022;1;Alcochete;145.8;65.0;1502
2022;1;Almeirim;258.97999999999996;63.0;1403
2022;1;Resende;27.53;25.0;1813
2022;1;Coruche;1004.21;64.0;1409
2022;1;Torres Novas;347.09000000000003;165.0;1419
2022;1;Oliveira do Hospital;199.49;83.0;0611
2022;1;Estarreja;1056.52;100.0;0108
2022;1;Loures;764.0500000000001;234.0;1107
2022;1;Leiria;2736.4300000000003;612.0;1009
2022;1;Bombarral;118.6;49.0;1005
2022;1;Penafiel;740.3599999999999;186.0;1311
2022;1;Castro Marim;41.19;23.0;0804
2022;1;Sintra;2419.58;489.0;1111
2022;1;Mogadouro;85.52;20.0;0408
2022;1;Mêda;29.729999999999997;15.0;0909
2022;1;Mirandela;124.03999999999999;36.0;0407
2022;1;Portel;12.31;11.0;0709
2022;1;Seixal;1031.8700000000001;536.0;1510
2022;1;Armamar;58.269999999999996;14.0;1801
2022;1;Lourinhã;178.92000000000002;82.0;1108
2022;1;São Brás de Alportel;107.38;33.0;0812
2022;1;Marvão;40.650000000000006;15.0;1210
2022;1;Valpaços;131.37;87.0;1712
2022;1;Mafra;888.26;321.0;1109
2022;1;Paredes;1316.32;293.0;1310
2022;1;Salvaterra de Magos;388.14;153.0;1415
2022;1;Rio Maior;277.26;94.0;1414
2022;1;Vila Nova de Paiva;139.42;35.0;1822
2022;1;Alpiarça;134.32;20.0;1404
2022;1;Ourique;52.519999999999996;30.0;0212
2022;1;Viseu;1253.57;403.0;1823
2022;1;Estremoz;144.45;29.0;0704
2022;1;Ferreira do Alentejo;149.44;17.0;0208
2022;1;Monchique;22.45;9.0;0809
2022;1;Sernancelhe;55.480000000000004;10.0;1818
2022;1;Elvas;34.11;23.0;1207
2022;1;Oliveira de Azeméis;1644.52;144.0;0113
2022;1;Penedono;14.909999999999998;10.0;1812
2022;1;Vila Nova de Cerveira;88.85;25.0;1610
2022;1;Penacova;162.88;73.0;0613
2022;1;Abrantes;1285.44;124.0;1401
2022;1;Arraiolos;79.26;49.0;0702
2022;1;Belmonte;30.139999999999997;19.0;0501
2022;1;Vila do Bispo;49.11;18.0;0815
2022;1;Celorico de Basto;240.48;37.0;0305
2022;1;Coimbra;1502.2;499.0;0603
2022;1;Vidigueira;83.82;7.0;0214
2022;1;Cuba;119.46;16.0;0207
2022;1;Vinhais;26.689999999999998;23.0;0412
2022;1;Barcelos;2578.8599999999997;523.0;0302
2022;1;Santiago do Cacém;186.55;124.0;1509
2022;1;Sertã;109.69999999999999;37.0;0509
2022;1;Tondela;305.34000000000003;120.0;1821
2022;1;Nisa;88.10999999999999;23.0;1212
2022;1;Peso da Régua;28.609999999999996;19.0;1708
2022;1;Arronches;8.05;6.0;1202
2022;1;Albufeira;374.88;125.0;0801
2022;1;Loulé;1823.6799999999998;180.0;0808
2022;1;Vendas Novas;284.57000000000005;61.0;0712
2022;1;Caminha;122.21;64.0;1602
2022;1;Águeda;1431.4;254.0;0101
2022;1;Guarda;255.53;88.0;0907
2022;1;Alter do Chão;32.72;6.0;1201
2022;1;Moura;105.67999999999999;21.0;0210
2022;1;Porto de Mós;2053.25;81.0;1016
2022;1;Póvoa de Varzim;435.84;145.0;1313
2022;1;Vila de Rei;112.03;4.0;0510
2022;1;Grândola;160.5;50.0;1505
2022;1;Fornos de Algodres;20.700000000000003;8.0;0905
2022;1;Tavira;214.82;61.0;0814
2022;1;Torre de Moncorvo;14.02;9.0;0409
2022;1;Lousada;607.17;243.0;1305
2022;1;Castanheira de Pêra;17.25;7.0;1007
2022;1;Alfândega da Fé;21.33;11.0;0401
2022;1;Monforte;8.85;9.0;1211
2022;1;Vila Flor;311.03;8.0;0410
2022;2;Anadia;1753.92;154.0;0103
2022;2;Sabugal;60.480000000000004;31.0;0911
2022;2;Santo Tirso;1943.14;317.0;1314
2022;2;Mogadouro;33.1;18.0;0408
2022;2;Batalha;416.25;63.0;1004
2022;2;São Brás de Alportel;186.64000000000001;56.0;0812
2022;2;Melgaço;16.53;11.0;1603
2022;2;Montemor-o-Novo;662.4500000000002;60.0;0706
2022;2;Pampilhosa da Serra;10.280000000000001;11.0;0612
2022;2;Fundão;221.20000000000002;51.0;0504
2022;2;Tarouca;40.81;25.0;1820
2022;2;Alcanena;355.67999999999995;60.0;1402
2022;2;Resende;179.30999999999997;41.0;1813
2022;2;Elvas;197.54999999999998;41.0;1207
2022;2;São Pedro do Sul;205.94;57.0;1816
2022;2;Mafra;1340.45;314.0;1109
2022;2;Arcos de Valdevez;82.81;70.0;1601
2022;2;Alcácer do Sal;321.56000000000006;74.0;1501
2022;2;Vieira do Minho;65.69;46.0;0311
2022;2;Miranda do Corvo;69.69;48.0;0609
2022;2;Santa Marta de Penaguião;31.31;17.0;1711
2022;2;Celorico de Basto;492.59999999999997;98.0;0305
2022;2;Campo Maior;35.66;15.0;1204
2022;2;Almeirim;1213.41;62.0;1403
2022;2;Lisboa;1050.95;143.0;1106
2022;2;Mangualde;91.18;61.0;1806
2022;2;Figueira de Castelo Rodrigo;45.739999999999995;19.0;0904
2022;2;Moimenta da Beira;85.39000000000001;25.0;1807
2022;2;Alvito;5.15;4.0;0203
2022;2;Montemor-o-Velho;362.37;88.0;0610
2022;2;Oliveira do Hospital;244.09999999999997;93.0;0611
2022;2;Lagoa;479.34;113.0;0806
2022;2;Penafiel;625.42;267.0;1311
2022;2;Faro;501.62;139.0;0805
2022;2;Marco de Canaveses;328.39;137.0;1307
2022;2;Ponte de Sor;204.7;51.0;1213
2022;2;Armamar;134.83999999999997;33.0;1801
2022;2;Loures;1427.65;238.0;1107
2022;2;Vila Franca de Xira;1751.6899999999998;126.0;1114
2022;2;Proença-a-Nova;113.19;50.0;0508
2022;2;Penedono;9.88;6.0;1812
2022;2;Cadaval;127.86000000000001;47.0;1104
2022;2;Monção;350.3;41.0;1604
2022;2;Barrancos;1.16;2.0;0204
2022;2;Pinhel;67.95;17.0;0910
2022;2;Idanha-a-Nova;58.730000000000004;27.0;0505
2022;2;Gondomar;1026.5800000000002;343.0;1304
2022;2;Fornos de Algodres;74.85000000000001;20.0;0905
2022;2;Montalegre;38.92999999999999;20.0;1706
2022;2;Vagos;867.03;121.0;0118
2022;2;Figueiró dos Vinhos;41.78;16.0;1008
2022;2;Macedo de Cavaleiros;89.97999999999999;51.0;0405
2022;2;Porto;791.01;176.0;1312
2022;2;Almeida;60.15;20.0;0902
2022;2;Alcobaça;2017.25;223.0;1001
2022;2;Amadora;146.57999999999998;44.0;1115
2022;2;Espinho;179.96;59.0;0107
2022;2;Vila Nova de Poiares;144.59;73.0;0617
2022;2;Valpaços;198.41000000000003;112.0;1712
2022;2;Vendas Novas;394.45;50.0;0712
2022;2;Felgueiras;2268.3199999999997;261.0;1303
2022;2;Tavira;248.51;82.0;0814
2022;2;São João da Pesqueira;251.77000000000004;27.0;1815
2022;2;Esposende;731.47;124.0;0306
2022;2;Castelo de Paiva;289.79999999999995;144.0;0106
2022;2;Braga;1694.41;628.0;0303
2022;2;Águeda;2900.24;255.0;0101
2022;2;Alandroal;82.56;31.0;0701
2022;2;Entroncamento;146.48000000000002;56.0;1410
2022;2;Póvoa de Lanhoso;227.65;128.0;0309
2022;2;Alvaiázere;59.17;15.0;1002
2022;2;Grândola;246.92000000000002;74.0;1505
2022;2;Alfândega da Fé;158.76;14.0;0401
2022;2;Portimão;525.8499999999999;106.0;0811
2022;2;Porto de Mós;1203.1000000000001;82.0;1016
2022;2;Vila Nova de Cerveira;355.18999999999994;60.0;1610
2022;2;Góis;16.78;17.0;0606
2022;2;Loulé;1110.06;191.0;0808
2022;2;Barreiro;871.2;82.0;1504
2022;2;Cartaxo;252.0;67.0;1406
2022;2;Sernancelhe;86.13;25.0;1818
2022;2;Monchique;46.01;11.0;0809
2022;2;Castelo de Vide;10.75;6.0;1205
2022;2;Abrantes;150.78;97.0;1401
2022;2;Lourinhã;375.15;92.0;1108
2022;2;Vila Real;446.24;198.0;1714
2022;2;Sever do Vouga;219.27;35.0;0117
2022;2;Silves;799.5799999999999;134.0;0813
2022;2;Pombal;1115.72;201.0;1015
2022;2;Alpiarça;82.53;25.0;1404
2022;2;Portalegre;127.34;57.0;1214
2022;2;Alenquer;407.39;127.0;1101
2022;2;Beja;349.06;60.0;0205
2022;2;Peso da Régua;76.50999999999999;34.0;1708
2022;2;Belmonte;76.14000000000001;28.0;0501
2022;2;Vimioso;34.01;16.0;0411
2022;2;Manteigas;41.919999999999995;4.0;0908
2022;2;Mértola;45.339999999999996;13.0;0209
2022;2;Vila Nova de Foz Côa;19.4;9.0;0914
2022;2;Constância;16.8;15.0;1408
2022;2;Monforte;122.99000000000001;5.0;1211
2022;2;Cuba;59.71;12.0;0207
2023;1;Belmonte;60.68;39.0;0501
2023;1;Penedono;46.93;15.0;1812
2023;1;Valpaços;271.87;130.0;1712
2023;1;Nisa;30.740000000000002;24.0;1212
2023;1;Murtosa;108.34;47.0;0112
2023;1;Barcelos;2266.5599999999995;818.0;0302
2023;1;Moura;373.01;43.0;0210
2023;1;Nazaré;232.33999999999997;55.0;1011
2023;1;Pombal;1528.7700000000002;268.0;1015
2023;1;Amarante;534.55;246.0;1301
2023;1;Matosinhos;788.0;363.0;1308
2023;1;Beja;843.3299999999999;111.0;0205
2023;1;Fundão;349.18;103.0;0504
2023;1;Ribeira de Pena;48.05;20.0;1709
2023;1;Covilhã;388.85;216.0;0503
2023;1;Oliveira do Bairro;407.59;108.0;0114
2023;1;São João da Pesqueira;89.95;22.0;1815
2023;1;Alandroal;151.52999999999997;27.0;0701
2023;1;Cartaxo;384.37;89.0;1406
2023;1;Montemor-o-Novo;155.47;50.0;0706
2023;1;Coruche;269.16;86.0;1409
2023;1;Gavião;27.450000000000003;15.0;1209
2023;1;Cadaval;138.97;75.0;1104
2023;1;Góis;23.93;22.0;0606
2023;1;Montemor-o-Velho;332.09000000000003;123.0;0610
2023;1;Serpa;777.69;45.0;0213
2023;1;Tábua;178.99;72.0;0616
2023;1;Penalva do Castelo;176.40999999999997;34.0;1811
2023;1;Palmela;1076.32;398.0;1508
2023;1;Óbidos;445.02;83.0;1012
2023;1;Freixo de Espada À Cinta;133.04999999999998;29.0;0404
2023;1;Bragança;482.39;180.0;0402
2023;1;Aguiar da Beira;135.53;16.0;0901
2023;1;Mealhada;582.74;99.0;0111
2023;1;Paredes;1356.61;270.0;1310
2023;1;Alcanena;90.8;60.0;1402
2023;1;Vila Velha de Ródão;86.78;55.0;0511
2023;1;Sertã;118.91999999999999;78.0;0509
2023;1;Castelo de Paiva;69.67999999999999;68.0;0106
2023;1;Penela;64.54;34.0;0614
2023;1;Marinha Grande;1315.21;188.0;1010
2023;1;Paredes de Coura;847.8199999999999;32.0;1605
2023;1;Celorico da Beira;78.80000000000001;30.0;0903
2023;1;Olhão;439.02000000000004;157.0;0810
2023;1;Odemira;299.51;102.0;0211
2023;1;Vila do Conde;1199.73;267.0;1316
2023;1;Vimioso;71.06;27.0;0411
2023;1;Sever do Vouga;131.70999999999998;51.0;0117
2023;1;Macedo de Cavaleiros;318.69;95.0;0405
2023;1;Ansião;132.29999999999998;40.0;1003
2023;1;Carrazeda de Ansiães;37.18;20.0;0403
2023;1;Vila Nova da Barquinha;348.34000000000003;50.0;1420
2023;1;Espinho;132.54;50.0;0107
2023;1;Sobral de Monte Agraço;103.81;50.0;1112
2023;1;Vidigueira;62.94;34.0;0214
2023;1;Rio Maior;272.84;88.0;1414
2023;1;Resende;103.56;43.0;1813
2023;1;Montalegre;55.56;34.0;1706
2023;1;Penafiel;854.94;341.0;1311
2023;1;Setúbal;1092.51;527.0;1512
2023;1;Portalegre;245.76;76.0;1214
2023;1;Portimão;536.44;150.0;0811
2023;1;Lamego;210.96999999999997;52.0;1805
2023;1;Mortágua;142.95;55.0;1808
2023;1;Pedrógão Grande;102.68999999999998;20.0;1013
2023;1;Santiago do Cacém;247.26;121.0;1509
2023;1;Sabrosa;60.61000000000001;40.0;1710
2023;1;São Brás de Alportel;243.71000000000004;60.0;0812
2023;1;Moimenta da Beira;893.3300000000002;54.0;1807
2023;1;Vila Nova de Foz Côa;119.14;27.0;0914
2023;1;Castro Marim;100.57999999999998;51.0;0804
2023;1;Miranda do Corvo;88.05999999999999;49.0;0609
2023;1;Póvoa de Varzim;519.2;269.0;1313
2023;1;Vale de Cambra;265.48;70.0;0119
2023;1;Batalha;1020.9399999999999;96.0;1004
2023;1;Mora;66.34;15.0;0707
2023;1;Valongo;915.02;238.0;1315
2023;1;Marco de Canaveses;743.6;220.0;1307
2023;1;Ourém;522.01;174.0;1421
2023;1;Ponte de Lima;552.04;266.0;1607
2023;1;Alter do Chão;23.39;7.0;1201
2023;1;Amadora;151.37;83.0;1115
2023;1;Torres Novas;551.25;248.0;1419
2023;1;Golegã;222.60000000000002;30.0;1412
2023;1;Almada;903.0;604.0;1503
2023;1;Chamusca;153.95;34.0;1407
2023;1;Cantanhede;1297.28;215.0;0602
2023;1;Tabuaço;106.21000000000001;21.0;1819
2023;1;Vila Franca de Xira;1435.61;167.0;1114
2023;1;Vila Viçosa;104.50999999999999;15.0;0714
2023;1;Azambuja;1474.04;94.0;1103
2023;1;São João da Madeira;399.4;29.0;0116
2023;1;Alcobaça;1358.3600000000001;295.0;1001
2023;1;Vizela;199.5;164.0;0314
2023;1;Barrancos;1.44;1.0;0204
2023;2;Ourém;495.06000000000006;112.0;1421
2023;2;Sever do Vouga;124.74;28.0;0117
2023;2;São João da Pesqueira;39.49000000000001;13.0;1815
2023;2;Marco de Canaveses;828.82;89.0;1307
2023;2;Góis;11.730000000000002;7.0;0606
2023;2;Golegã;25.08;10.0;1412
2023;2;Vila Flor;93.30000000000001;10.0;0410
2023;2;Mirandela;156.1;45.0;0407
2023;2;Cartaxo;274.45000000000005;39.0;1406
2023;2;Chaves;211.56;89.0;1703
2023;2;Mortágua;56.91;26.0;1808
2023;2;Porto;592.25;95.0;1312
2023;2;Vouzela;97.01;35.0;1824
2023;2;Crato;13.420000000000002;6.0;1206
2023;2;Leiria;2800.16;349.0;1009
2023;2;Coimbra;1915.6;232.0;0603
2023;2;Óbidos;111.38;42.0;1012
2023;2;Mafra;520.2;190.0;1109
2023;2;Soure;118.22;53.0;0615
2023;2;Alenquer;1156.45;74.0;1101
2023;2;Azambuja;317.43;45.0;1103
2023;2;Miranda do Corvo;39.08;22.0;0609
2023;2;Portimão;351.5;68.0;0811
2023;2;Mora;45.519999999999996;6.0;0707
2023;2;Pampilhosa da Serra;66.85;6.0;0612
2023;2;Santarém;695.1;118.0;1416
2023;2;Sabrosa;48.79;12.0;1710
2023;2;Matosinhos;649.4100000000001;137.0;1308
2023;2;Mogadouro;86.93;19.0;0408
2023;2;Freixo de Espada À Cinta;0.58;2.0;0404
2023;2;Abrantes;224.48999999999995;66.0;1401
2023;2;Porto de Mós;114.19;52.0;1016
2023;2;Batalha;173.32;46.0;1004
2023;2;Montemor-o-Novo;158.53;38.0;0706
2023;2;Oliveira de Frades;334.32000000000005;47.0;1810
2023;2;Paredes de Coura;74.82;21.0;1605
2023;2;Chamusca;309.84;14.0;1407
2023;2;Lourinhã;229.98000000000002;72.0;1108
2023;2;Vila Real de Santo António;30.429999999999996;13.0;0816
2023;2;Faro;315.6;83.0;0805
2023;2;Redondo;15.34;6.0;0710
2023;2;Barrancos;2.94;2.0;0204
2023;2;Alcobaça;493.78999999999996;124.0;1001
2023;2;Vila Real;276.95;108.0;1714
2023;2;Cascais;832.8799999999999;255.0;1105
2023;2;Alfândega da Fé;45.53;11.0;0401
2023;2;Paredes;302.78999999999996;78.0;1310
2023;2;Vila Nova de Paiva;96.77000000000001;13.0;1822
2023;2;Mealhada;144.23;49.0;0111
2023;2;Cadaval;185.57;60.0;1104
2023;2;Arouca;138.07999999999998;42.0;0104
2023;2;Sesimbra;316.01;133.0;1511
2023;2;Cabeceiras de Basto;152.7;22.0;0304
2023;2;Beja;284.36;45.0;0205
2023;2;Melgaço;21.340000000000003;8.0;1603
2023;2;Campo Maior;87.02;13.0;1204
2023;2;Santa Maria da Feira;1527.6999999999998;206.0;0109
2023;2;Alcochete;61.089999999999996;26.0;1502
2023;2;Póvoa de Lanhoso;148.25;47.0;0309
2023;2;Esposende;145.38;69.0;0306
2023;2;São Brás de Alportel;82.04;29.0;0812
2023;2;Constância;17.0;12.0;1408
2023;2;Moita;100.78999999999999;37.0;1506
2023;2;Braga;1651.52;325.0;0303
2023;2;Benavente;198.06;54.0;1405
2023;2;Oliveira de Azeméis;592.06;116.0;0113
2023;2;Santiago do Cacém;202.64;40.0;1509
2023;2;Mira;64.59;25.0;0608
2023;2;Tabuaço;35.56;10.0;1819
2023;2;Valença;101.61000000000001;31.0;1608
2023;2;Póvoa de Varzim;418.52000000000004;94.0;1313
2023;2;Sátão;74.70000000000002;25.0;1817
2023;2;Alijó;58.650000000000006;27.0;1701
2023;2;Alvito;11.46;6.0;0203
2023;2;Penedono;1.2999999999999998;3.0;1812
2023;2;Alandroal;58.519999999999996;9.0;0701
2023;2;Mêda;46.660000000000004;9.0;0909
2023;2;Alcoutim;4.15;3.0;0802
2024;1;Seixal;1799.8000000000002;340.0;1510
2024;1;Lourinhã;767.3100000000001;133.0;1108
2024;1;Paredes;1827.6399999999999;173.0;1310
2024;1;Cuba;185.36;10.0;0207
2024;1;Mangualde;208.98;64.0;1806
2024;1;Penacova;160.56;39.0;0613
2024;1;Figueiró dos Vinhos;106.96000000000001;23.0;1008
2024;1;Évora;2933.84;240.0;0705
2024;1;Entroncamento;224.60999999999996;31.0;1410
2024;1;Amadora;1146.1900000000003;67.0;1115
2024;1;Barcelos;2197.33;441.0;0302
2024;1;Serpa;340.91999999999996;48.0;0213
2024;1;Alenquer;1207.62;145.0;1101
2024;1;Montemor-o-Novo;511.47;99.0;0706
2024;1;Viana do Castelo;2129.42;251.0;1609
2024;1;Grândola;1192.3999999999999;73.0;1505
2024;1;Mourão;79.78999999999999;17.0;0708
2024;1;Benavente;974.51;81.0;1405
2024;1;Santa Comba Dão;136.78999999999996;54.0;1814
2024;1;Moimenta da Beira;192.53;51.0;1807
2024;1;Olhão;406.09;97.0;0810
2024;1;Penalva do Castelo;127.91;40.0;1811
2024;1;Tomar;809.03;134.0;1418
2024;1;Lamego;234.64000000000001;61.0;1805
2024;1;Mira;398.25;45.0;0608
2024;1;Abrantes;667.4099999999999;128.0;1401
2024;1;Arruda dos Vinhos;258.42999999999995;43.0;1102
2024;1;Loures;1843.69;224.0;1107
2024;1;Portalegre;448.16999999999996;49.0;1214
2024;1;Alandroal;95.46000000000001;19.0;0701
2024;1;São João da Madeira;335.12;22.0;0116
2024;1;Sertã;164.12;49.0;0509
2024;1;Lisboa;1828.6299999999999;131.0;1106
2024;1;Bragança;487.9000000000001;182.0;0402
2024;1;Ílhavo;1019.31;104.0;0110
2024;1;Reguengos de Monsaraz;323.03999999999996;54.0;0711
2024;1;Silves;896.74;132.0;0813
2024;1;Vidigueira;249.4;26.0;0214
2024;1;Sabrosa;48.43000000000001;27.0;1710
2024;1;Resende;101.62;39.0;1813
2024;1;Vouzela;394.92999999999995;88.0;1824
2024;1;Penamacor;37.089999999999996;20.0;0507
2024;1;Mértola;29.830000000000005;16.0;0209
2024;1;Vila Nova de Cerveira;63.44;21.0;1610
2024;1;Sobral de Monte Agraço;634.9;16.0;1112
2024;1;Anadia;1028.1299999999999;109.0;0103
2024;1;Campo Maior;199.63;25.0;1204
2024;1;Soure;76.30999999999999;40.0;0615
2024;1;Ponte de Lima;368.06999999999994;122.0;1607
2024;1;Beja;2117.83;83.0;0205
2024;1;Matosinhos;2002.6399999999996;199.0;1308
2024;1;Ourique;71.02;16.0;0212
2024;1;Alpiarça;143.70999999999998;37.0;1404
2024;1;Vieira do Minho;176.51999999999998;52.0;0311
2024;1;Coimbra;1526.73;315.0;0603
2024;1;Mogadouro;80.28999999999999;24.0;0408
2024;1;Carregal do Sal;1136.8799999999999;45.0;1802
2024;1;Vila Real de Santo António;224.74;37.0;0816
2024;1;Trofa;865.52;87.0;1318
2024;1;Castelo Branco;1671.18;171.0;0502
2024;1;Odemira;560.5699999999999;107.0;0211
2024;1;Santa Maria da Feira;3470.8399999999997;336.0;0109
2024;1;São João da Pesqueira;233.21999999999997;29.0;1815
2024;1;Mirandela;362.28000000000003;70.0;0407
2024;1;Ourém;1311.3000000000002;198.0;1421
2024;1;Arouca;420.98000000000013;108.0;0104
2024;1;Pampilhosa da Serra;14.440000000000001;11.0;0612
2024;1;Alijó;162.55;54.0;1701
2024;1;Barreiro;127.45;53.0;1504
2024;1;Vila Franca de Xira;435.18;98.0;1114
2024;1;Guarda;445.70000000000005;87.0;0907
2024;1;Alcoutim;115.19999999999999;11.0;0802
2024;1;Celorico de Basto;339.43;106.0;0305
2024;1;Póvoa de Varzim;825.8199999999999;185.0;1313
2024;1;Fornos de Algodres;17.01;11.0;0905
2024;2;Soure;136.10000000000002;49.0;0615
2024;2;Sesimbra;664.0799999999999;169.0;1511
2024;2;Aguiar da Beira;152.91;13.0;0901
2024;2;Ourique;41.47;10.0;0212
2024;2;Ponte da Barca;68.06;14.0;1606
2024;2;Viana do Alentejo;179.48000000000002;25.0;0713
2024;2;Oleiros;29.28;7.0;0506
2024;2;Moura;174.48000000000002;26.0;0210
2024;2;Vila Viçosa;73.27;11.0;0714
2024;2;Cantanhede;319.79;77.0;0602
2024;2;Castelo de Paiva;136.64;43.0;0106
2024;2;Vila Franca de Xira;2858.5299999999997;78.0;1114
2024;2;Resende;39.45;21.0;1813
2024;2;Alvaiázere;80.94;18.0;1002
2024;2;Seixal;845.0400000000002;273.0;1510
2024;2;Évora;1689.7800000000002;130.0;0705
2024;2;Vimioso;37.96;11.0;0411
2024;2;Crato;38.41;10.0;1206
2024;2;Mira;106.28999999999999;36.0;0608
2024;2;Mértola;102.89999999999999;16.0;0209
2024;2;Castro Marim;115.84;34.0;0804
2024;2;Paredes;827.6199999999999;134.0;1310
2024;2;Paços de Ferreira;1411.8700000000001;104.0;1309
2024;2;Maia;2190.91;170.0;1306
2024;2;Ferreira do Alentejo;277.76;11.0;0208
2024;2;Boticas;78.54999999999998;24.0;1702
2024;2;Sátão;150.0;40.0;1817
2024;2;Tavira;469.04;58.0;0814
2024;2;Vila Nova de Foz Côa;115.48;11.0;0914
2024;2;Torres Vedras;1883.37;179.0;1113
2024;2;Olhão;317.03;62.0;0810
2024;2;Melgaço;75.12;22.0;1603
2024;2;Sobral de Monte Agraço;106.03000000000002;29.0;1112
2024;2;Pinhel;106.98;20.0;0910
2024;2;Marco de Canaveses;1227.8;131.0;1307
2024;2;Sousel;292.73;21.0;1215
2024;2;Oliveira do Bairro;1703.24;49.0;0114
2024;2;Sines;48.55;19.0;1513
2024;2;Gondomar;630.3;159.0;1304
2024;2;Alandroal;123.34;19.0;0701
2024;2;Lousada;656.7199999999999;121.0;1305
2024;2;Ílhavo;571.9899999999999;73.0;0110
2024;2;Matosinhos;1109.1599999999999;119.0;1308
2024;2;Cinfães;142.85;40.0;1804
2024;2;Anadia;776.6200000000002;52.0;0103
2024;2;Sever do Vouga;197.99;34.0;0117
2024;2;Trofa;631.4200000000001;63.0;1318
2024;2;Aveiro;446.39000000000004;112.0;0105
2024;2;Mortágua;99.59;39.0;1808
2024;2;Óbidos;590.33;76.0;1012
2024;2;Ponte de Lima;438.7900000000001;90.0;1607
2024;2;Vinhais;71.37;39.0;0412
2024;2;Proença-a-Nova;87.21;29.0;0508
2024;2;Freixo de Espada À Cinta;197.16000000000003;12.0;0404
2024;2;Baião;106.74000000000001;29.0;1302
2024;2;Lousã;136.45;36.0;0607
2024;2;Serpa;342.06000000000006;22.0;0213
2024;2;Vila Nova de Gaia;3318.02;368.0;1317
2024;2;Gouveia;133.0;22.0;0906
2024;2;Aljezur;169.61;20.0;0803
2024;2;Montijo;572.3;53.0;1507
2024;2;Monchique;52.43;17.0;0809
2024;2;Mangualde;1218.8400000000001;62.0;1806
2024;2;Golegã;71.25;26.0;1412
2024;2;Abrantes;250.53;59.0;1401
2024;2;Góis;28.5;10.0;0606
2024;2;Covilhã;409.40999999999997;97.0;0503
2024;2;Castelo Branco;1115.74;159.0;0502
2024;2;Torres Novas;1413.7600000000002;119.0;1419
2024;2;Mora;189.69;21.0;0707
2024;2;Águeda;1999.42;102.0;0101
2024;2;Alcoutim;20.37;5.0;0802
2024;2;Alcobaça;1726.3600000000001;149.0;1001
2024;2;Loures;2741.18;150.0;1107
2024;2;Santo Tirso;1586.8999999999999;123.0;1314
2024;2;Mirandela;435.62;77.0;0407
2024;2;Alfândega da Fé;41.599999999999994;16.0;0401
2024;2;Tondela;415.37;116.0;1821
2024;2;Espinho;34.5;16.0;0107
2024;2;Vila Real de Santo António;73.75999999999999;21.0;0816
2024;2;Faro;838.38;105.0;0805
2024;2;Vizela;230.00000000000003;53.0;0314
2024;2;Avis;85.18;15.0;1203
2024;2;Alter do Chão;52.43;9.0;1201
2024;2;Armamar;118.72999999999999;20.0;1801
2025;1;Cartaxo;220.93;36.0;1406
2025;1;Setúbal;1301.25;92.0;1512
2025;1;Castelo Branco;807.22;70.0;0502
2025;1;Alenquer;1856.54;55.0;1101
2025;1;Fornos de Algodres;17.55;4.0;0905
2025;1;Torres Vedras;848.3199999999999;104.0;1113
2025;1;Oleiros;21.52;6.0;0506
2025;1;Lousada;822.33;104.0;1305
2025;1;Serpa;85.22;15.0;0213
2025;1;Vila Franca de Xira;786.11;42.0;1114
2025;1;Santa Comba Dão;58.379999999999995;16.0;1814
2025;1;Moimenta da Beira;99.8;12.0;1807
2025;1;Grândola;556.21;22.0;1505
2025;1;Arganil;396.41999999999996;15.0;0601
2025;1;Portimão;2289.29;47.0;0811
2025;1;Évora;661.23;70.0;0705
2025;1;Leiria;2538.76;161.0;1009
2025;1;Anadia;120.91;53.0;0103
2025;1;Idanha-a-Nova;75.95;13.0;0505
2025;1;Golegã;35.06;13.0;1412
2021;2;Alter do Chão;43.790000000000006;10.0;1201
2021;2;Benavente;667.6199999999999;114.0;1405
2021;2;Alijó;32.89;15.0;1701
2021;2;Paços de Ferreira;479.10999999999996;207.0;1309
2021;2;Pombal;525.6000000000001;139.0;1015
2021;2;Golegã;83.30000000000001;23.0;1412
2021;2;Condeixa-a-Nova;101.62;70.0;0604
2021;2;Alandroal;18.619999999999997;14.0;0701
2021;2;Ferreira do Alentejo;26.96;18.0;0208
2021;2;Peso da Régua;53.300000000000004;12.0;1708
2021;2;Seia;606.36;67.0;0912
2021;2;Constância;16.75;10.0;1408
2021;2;Odemira;330.08;63.0;0211
2021;2;Castelo de Paiva;471.64000000000004;49.0;0106
2021;2;Vale de Cambra;71.41999999999999;32.0;0119
2021;2;Aljezur;84.53999999999999;36.0;0803
2021;2;Arcos de Valdevez;41.260000000000005;35.0;1601
2021;2;Ovar;702.9399999999999;115.0;0115
2021;2;Póvoa de Varzim;449.18999999999994;245.0;1313
2021;2;Vila Real;262.25;128.0;1714
2021;2;Chamusca;120.6;37.0;1407
2021;2;Resende;15.36;16.0;1813
2021;2;Póvoa de Lanhoso;100.03;74.0;0309
2021;2;Murtosa;78.2;31.0;0112
2021;2;Tábua;56.5;33.0;0616
2021;2;Carregal do Sal;67.13;46.0;1802
2021;2;Chaves;371.26;96.0;1703
2021;2;Bragança;176.39;97.0;0402
2021;2;Coimbra;2006.77;443.0;0603
2021;2;Vila Nova de Paiva;32.35;12.0;1822
2021;2;Castelo Branco;614.6899999999999;113.0;0502
2021;2;Tavira;142.73000000000002;47.0;0814
2021;2;Viana do Alentejo;46.31;25.0;0713
2021;2;Entroncamento;422.84000000000003;66.0;1410
2021;2;Valongo;681.6100000000001;200.0;1315
2021;2;Viana do Castelo;971.6899999999998;254.0;1609
2021;2;Cascais;815.7200000000001;471.0;1105
2021;2;Baião;22.580000000000002;21.0;1302
2021;2;Guarda;235.85000000000002;103.0;0907
2021;2;Campo Maior;12.780000000000001;11.0;1204
2021;2;Seixal;725.5899999999999;414.0;1510
2021;2;Vila Franca de Xira;227.10000000000002;115.0;1114
2021;2;Santarém;350.54999999999995;146.0;1416
2021;2;Leiria;2811.7799999999997;477.0;1009
2021;2;Ponte da Barca;20.049999999999997;18.0;1606
2021;2;Lagoa;240.56000000000003;67.0;0806
2021;2;Mourão;15.1;8.0;0708
2021;2;Sousel;50.260000000000005;11.0;1215
2021;2;Abrantes;222.92000000000002;98.0;1401
2021;2;Estremoz;45.64;25.0;0704
2021;2;Barcelos;1646.4;475.0;0302
2021;2;Santa Maria da Feira;1066.96;275.0;0109
2021;2;Gouveia;62.67999999999999;19.0;0906
2021;2;Almada;774.3999999999999;333.0;1503
2021;2;Amares;248.74000000000004;108.0;0301
2021;2;Santiago do Cacém;1128.82;101.0;1509
2021;2;Ansião;84.72999999999999;35.0;1003
2021;2;Vizela;211.86;98.0;0314
2021;2;Sobral de Monte Agraço;93.0;31.0;1112
2021;2;Santo Tirso;1101.13;308.0;1314
2021;2;Tomar;387.57000000000005;106.0;1418
2021;2;Alpiarça;1199.65;22.0;1404
2021;2;Torre de Moncorvo;37.120000000000005;16.0;0409
2021;2;Santa Comba Dão;126.12;67.0;1814
2021;2;Arruda dos Vinhos;101.57;41.0;1102
2021;2;Torres Vedras;3054.8599999999997;186.0;1113
2021;2;Azambuja;85.2;42.0;1103
2021;2;Almeida;35.379999999999995;13.0;0902
2021;2;Melgaço;43.1;17.0;1603
2021;2;Mértola;13.66;12.0;0209
2021;2;Ribeira de Pena;93.91;9.0;1709
2021;2;Tarouca;206.8;7.0;1820
2021;2;Maia;2275.66;251.0;1306
2021;2;Sintra;1565.08;539.0;1111
2021;2;Mafra;1294.23;359.0;1109
2021;2;Tondela;1309.49;117.0;1821
2021;2;Vouzela;106.1;56.0;1824
2021;2;Monchique;33.43;12.0;0809
2021;2;Matosinhos;699.69;155.0;1308
2021;2;Vila Nova de Gaia;1189.58;412.0;1317
2021;2;Sátão;61.14999999999999;49.0;1817
2021;2;Alfândega da Fé;7.73;7.0;0401
2021;2;Pampilhosa da Serra;7.78;10.0;0612
2021;2;Vila do Bispo;50.86;16.0;0815
2021;2;Vila Nova de Foz Côa;20.25;7.0;0914
2022;1;Góis;27.779999999999994;20.0;0606
2022;1;Vila Velha de Ródão;131.35999999999999;9.0;0511
2022;1;Barreiro;811.0099999999999;101.0;1504
2022;1;Golegã;42.03;24.0;1412
2022;1;Baião;61.94999999999999;30.0;1302
2022;1;Alcobaça;1357.28;205.0;1001
2022;1;Lagos;256.73;89.0;0807
2022;1;Entroncamento;525.33;62.0;1410
2022;1;Sousel;69.53;6.0;1215
2022;1;Vila do Conde;850.9200000000001;211.0;1316
2022;1;Óbidos;599.3000000000001;75.0;1012
2022;1;Chamusca;120.80999999999997;23.0;1407
2022;1;Setúbal;901.4199999999998;388.0;1512
2022;1;Cascais;1639.49;482.0;1105
2022;1;Serpa;193.39;23.0;0213
2022;1;Almodôvar;8.530000000000001;7.0;0202
2022;1;Sardoal;11.64;14.0;1417
2022;1;Ferreira do Zêzere;671.56;25.0;1411
2022;1;Mira;253.14999999999998;34.0;0608
2022;1;Boticas;99.44;32.0;1702
2022;1;Torres Vedras;1804.4999999999998;262.0;1113
2022;1;Ovar;546.59;174.0;0115
2022;1;Sabugal;133.81;38.0;0911
2022;1;Peniche;135.12;56.0;1014
2022;1;Mealhada;523.99;104.0;0111
2022;1;Paços de Ferreira;1666.2799999999997;288.0;1309
2022;1;Cinfães;56.69;36.0;1804
2022;1;São João da Madeira;135.04;31.0;0116
2022;1;Amarante;347.01;157.0;1301
2022;1;Gondomar;1096.31;256.0;1304
2022;1;Guimarães;2399.67;805.0;0308
2022;1;Ílhavo;366.2;161.0;0110
2022;1;Pinhel;110.05;42.0;0910
2022;1;Alenquer;1217.2199999999998;134.0;1101
2022;1;Vila Franca de Xira;512.8799999999999;114.0;1114
2022;1;Pombal;1677.3200000000002;198.0;1015
2022;1;Matosinhos;1015.9700000000001;190.0;1308
2022;1;Castro Verde;32.48;25.0;0206
2022;1;Seia;252.25000000000003;166.0;0912
2022;1;Trancoso;486.59999999999997;43.0;0913
2022;1;Alvaiázere;58.85;11.0;1002
2022;1;Carrazeda de Ansiães;12.99;12.0;0403
2022;1;Vila Viçosa;14.45;12.0;0714
2022;1;Maia;848.8100000000002;292.0;1306
2022;1;Marinha Grande;505.26;161.0;1010
2022;1;Vieira do Minho;52.18000000000001;33.0;0311
2022;1;Azambuja;198.56;51.0;1103
2022;1;Figueira da Foz;1301.0500000000002;177.0;0605
2022;1;Marco de Canaveses;889.1500000000001;149.0;1307
2022;1;Sesimbra;406.59;281.0;1511
2022;1;São Pedro do Sul;149.27;57.0;1816
2022;1;São João da Pesqueira;18.490000000000002;13.0;1815
2022;1;Arouca;478.16999999999996;50.0;0104
2022;1;Vale de Cambra;509.45;41.0;0119
2022;1;Ourém;559.16;126.0;1421
2022;1;Albergaria-a-Velha;1365.7000000000003;104.0;0102
2022;1;Santarém;585.3299999999999;226.0;1416
2022;1;Tábua;207.47000000000003;25.0;0616
2022;1;Fafe;548.71;168.0;0307
2022;1;Arganil;60.82;36.0;0601
2022;1;Viana do Alentejo;97.05000000000001;23.0;0713
2022;1;Arruda dos Vinhos;75.50999999999999;37.0;1102
2022;1;Montalegre;70.19;19.0;1706
2022;1;Vimioso;84.7;36.0;0411
2022;1;Vagos;275.8500000000001;93.0;0118
2022;1;Fronteira;21.560000000000002;15.0;1208
2022;1;Ansião;58.52000000000001;32.0;1003
2022;1;Aljustrel;357.64;27.0;0201
2022;1;Benavente;354.77;138.0;1405
2022;1;Castelo Branco;370.28000000000003;141.0;0502
2022;1;Aljezur;82.67999999999999;29.0;0803
2022;1;Oliveira do Bairro;738.0;144.0;0114
2022;1;Vila Pouca de Aguiar;109.99000000000001;38.0;1713
2022;1;Mortágua;236.55999999999997;83.0;1808
2022;1;Aveiro;807.36;324.0;0105
2022;1;Freixo de Espada À Cinta;89.53;7.0;0404
2022;1;Lisboa;711.12;155.0;1106
2022;1;Oliveira de Frades;562.11;31.0;1810
2022;1;Penela;175.26;37.0;0614
2022;1;Montemor-o-Novo;391.72;83.0;0706
2022;1;Ponte de Sor;131.58;70.0;1213
2022;1;Vila Verde;844.52;192.0;0313
2022;1;Miranda do Corvo;115.74;49.0;0609
2022;1;Castelo de Paiva;256.01;79.0;0106
2022;1;Penamacor;34.61;15.0;0507
2022;1;Idanha-a-Nova;153.5;27.0;0505
2022;1;Carregal do Sal;185.73;51.0;1802
2022;1;Santo Tirso;1974.8899999999999;316.0;1314
2022;1;Arcos de Valdevez;123.39999999999999;75.0;1601
2022;1;Portalegre;114.47;57.0;1214
2022;1;Pampilhosa da Serra;7.16;6.0;0612
2022;1;Manteigas;19.44;8.0;0908
2022;1;Alvito;7.23;5.0;0203
2022;2;Aljustrel;184.20000000000002;27.0;0201
2022;2;Seixal;1064.8200000000002;543.0;1510
2022;2;Terras de Bouro;59.19;31.0;0310
2022;2;Aljezur;128.26;33.0;0803
2022;2;Freixo de Espada À Cinta;37.75;7.0;0404
2022;2;Vila Nova de Paiva;117.93;32.0;1822
2022;2;Vale de Cambra;141.12;55.0;0119
2022;2;Viana do Alentejo;160.64000000000001;17.0;0713
2022;2;Nisa;62.06999999999999;26.0;1212
2022;2;Odivelas;308.1;139.0;1116
2022;2;Vila Real de Santo António;303.98999999999995;45.0;0816
2022;2;Bragança;350.56;109.0;0402
2022;2;Arruda dos Vinhos;115.10999999999999;34.0;1102
2022;2;Moura;222.87;34.0;0210
2022;2;Aveiro;917.5899999999999;419.0;0105
2022;2;Cabeceiras de Basto;157.7;76.0;0304
2022;2;Portel;18.669999999999998;10.0;0709
2022;2;Ferreira do Zêzere;220.39;37.0;1411
2022;2;Castanheira de Pêra;26.21;23.0;1007
2022;2;Vila do Bispo;100.95;15.0;0815
2022;2;Trofa;1186.04;151.0;1318
2022;2;Cascais;1486.1200000000001;490.0;1105
2022;2;Vila Pouca de Aguiar;76.0;61.0;1713
2022;2;Mortágua;202.48000000000002;67.0;1808
2022;2;Bombarral;342.89000000000004;61.0;1005
2022;2;Almodôvar;33.18;17.0;0202
2022;2;Peniche;243.77;71.0;1014
2022;2;Boticas;49.800000000000004;26.0;1702
2022;2;Setúbal;1176.27;375.0;1512
2022;2;Coimbra;1041.2599999999998;421.0;0603
2022;2;Tábua;394.56000000000006;56.0;0616
2022;2;Gavião;18.11;17.0;1209
2022;2;Ponte de Lima;1003.83;196.0;1607
2022;2;Ponte da Barca;47.78;27.0;1606
2022;2;Alijó;109.91999999999999;68.0;1701
2022;2;Murtosa;125.47;31.0;0112
2022;2;Mação;318.14;31.0;1413
2022;2;Ansião;337.19;36.0;1003
2022;2;Vila Nova de Famalicão;4274.110000000001;650.0;0312
2022;2;Ourém;1207.5;149.0;1421
2022;2;Vouzela;280.31;89.0;1824
2022;2;Penamacor;83.05000000000001;21.0;0507
2022;2;Vila Nova da Barquinha;92.17999999999999;35.0;1420
2022;2;Alter do Chão;64.72;10.0;1201
2022;2;Mondim de Basto;43.81;39.0;1705
2022;2;Celorico da Beira;140.94;22.0;0903
2022;2;Matosinhos;1272.29;267.0;1308
2022;2;Nelas;150.05;57.0;1809
2022;2;Tondela;732.2;125.0;1821
2022;2;Santarém;1388.9800000000002;171.0;1416
2022;2;Mesão Frio;13.67;7.0;1704
2022;2;Santiago do Cacém;609.56;127.0;1509
2022;2;Lousada;741.97;188.0;1305
2022;2;Reguengos de Monsaraz;91.60000000000001;39.0;0711
2022;2;Albergaria-a-Velha;621.9200000000001;110.0;0102
2022;2;Covilhã;658.23;120.0;0503
2022;2;Penalva do Castelo;37.370000000000005;22.0;1811
2022;2;Golegã;245.18;25.0;1412
2022;2;Vila Flor;29.49;12.0;0410
2022;2;Salvaterra de Magos;308.8;91.0;1415
2022;2;Sintra;2865.06;483.0;1111
2022;2;Carregal do Sal;346.2;42.0;1802
2022;2;Castelo Branco;705.52;216.0;0502
2022;2;Borba;210.85;22.0;0703
2022;2;Arronches;8.83;6.0;1202
2022;2;Almada;910.3600000000001;450.0;1503
2022;2;Vizela;482.2299999999999;132.0;0314
2022;2;Sertã;157.32;69.0;0509
2022;2;Penela;476.14000000000004;19.0;0614
2022;2;Caldas da Rainha;675.27;176.0;1006
2022;2;Vila Velha de Ródão;84.74;39.0;0511
2022;2;Vila do Conde;1804.7499999999998;325.0;1316
2022;2;Valença;158.25;62.0;1608
2022;2;Amares;216.88;102.0;0301
2022;2;Figueira da Foz;4191.07;174.0;0605
2022;2;Lamego;293.82000000000005;64.0;1805
2022;2;Póvoa de Varzim;747.38;162.0;1313
2022;2;Chaves;491.27000000000004;192.0;1703
2022;2;Viana do Castelo;2315.86;434.0;1609
2022;2;Chamusca;262.82;30.0;1407
2022;2;Castro Verde;78.16;23.0;0206
2022;2;Sousel;28.220000000000002;8.0;1215
2022;2;Mourão;8.629999999999999;6.0;0708
2022;2;Alcoutim;22.88;3.0;0802
2023;1;Vila Nova de Famalicão;3972.37;992.0;0312
2023;1;Redondo;136.08;11.0;0710
2023;1;Vinhais;72.88999999999999;38.0;0412
2023;1;Vila Nova de Paiva;81.34;21.0;1822
2023;1;Torres Vedras;1943.82;425.0;1113
2023;1;Arruda dos Vinhos;244.94;55.0;1102
2023;1;Ponte de Sor;105.17;48.0;1213
2023;1;Seixal;1328.3899999999999;895.0;1510
2023;1;Penacova;197.23;92.0;0613
2023;1;Santa Marta de Penaguião;22.28;21.0;1711
2023;1;Castro daire;345.14;59.0;1803
2023;1;Oleiros;56.1;25.0;0506
2023;1;Almeirim;696.11;91.0;1403
2023;1;Arganil;154.5;62.0;0601
2023;1;Coimbra;1609.5;523.0;0603
2023;1;Oeiras;992.8900000000001;272.0;1110
2023;1;Paços de Ferreira;1050.6599999999999;328.0;1309
2023;1;Silves;655.79;194.0;0813
2023;1;Vila Real;429.08;209.0;1714
2023;1;Estremoz;102.08;29.0;0704
2023;1;Crato;64.4;19.0;1206
2023;1;Sintra;2337.54;784.0;1111
2023;1;Vagos;314.26;134.0;0118
2023;1;Trancoso;55.300000000000004;22.0;0913
2023;1;Arronches;14.770000000000001;11.0;1202
2023;1;Lousã;344.46000000000004;87.0;0607
2023;1;Portel;36.82;30.0;0709
2023;1;Tondela;807.73;138.0;1821
2023;1;Oliveira do Hospital;411.67999999999995;90.0;0611
2023;1;Amares;219.59;129.0;0301
2023;1;Campo Maior;287.76;10.0;1204
2023;1;Pampilhosa da Serra;33.46;8.0;0612
2023;1;Montijo;774.59;97.0;1507
2023;1;Vila do Bispo;162.45;34.0;0815
2023;1;Armamar;113.20000000000002;28.0;1801
2023;1;Oliveira de Frades;277.04;67.0;1810
2023;1;Carregal do Sal;124.65;56.0;1802
2023;1;Ponte da Barca;59.900000000000006;31.0;1606
2023;1;Baião;158.59;59.0;1302
2023;1;Cuba;70.94;30.0;0207
2023;1;Lagoa;600.01;127.0;0806
2023;1;Nelas;263.23;78.0;1809
2023;1;Arcos de Valdevez;255.95;142.0;1601
2023;1;Mourão;167.56;8.0;0708
2023;1;Idanha-a-Nova;87.86;44.0;0505
2023;1;Mondim de Basto;22.490000000000002;16.0;1705
2023;1;Odivelas;607.6400000000001;219.0;1116
2023;1;Arraiolos;314.39000000000004;31.0;0702
2023;1;Vila Nova de Gaia;2484.58;630.0;1317
2023;1;Alvito;46.04;9.0;0203
2023;1;Valença;323.63;71.0;1608
2023;1;Figueira da Foz;1570.3300000000002;257.0;0605
2023;1;São Pedro do Sul;378.82;97.0;1816
2023;1;Fornos de Algodres;32.45;18.0;0905
2025;1;Alpiarça;102.7;16.0;1404
2025;1;São Pedro do Sul;1047.35;22.0;1816
2025;1;Oliveira de Frades;30.21;19.0;1810
2025;1;Cascais;1145.43;136.0;1105
2025;1;Sousel;40.360000000000014;10.0;1215
2025;1;Penedono;11.2;4.0;1812
2025;1;Benavente;1507.1799999999998;46.0;1405
2025;1;Gouveia;168.92;14.0;0906
2025;1;Ponte de Sor;3051.6099999999997;22.0;1213
2025;1;Vila Nova de Gaia;2063.8;164.0;1317
2025;1;Ourique;33.64;12.0;0212
2025;1;Covilhã;200.68;43.0;0503
2025;1;Braga;727.13;153.0;0303
2025;1;Gondomar;391.0300000000001;89.0;1304
2025;1;Sabrosa;130.75;15.0;1710
2025;1;Azambuja;368.95000000000005;37.0;1103
2025;1;Valença;78.52;21.0;1608
2025;1;Pombal;1014.07;96.0;1015
2025;1;Cinfães;44.92;10.0;1804
2025;1;Monção;127.62999999999998;35.0;1604
2025;1;Oliveira do Bairro;1401.05;28.0;0114
2025;1;Coruche;105.11;29.0;1409
2025;1;Arronches;26.8;6.0;1202
2025;1;Ponte da Barca;36.26;10.0;1606
2025;1;Mêda;17.720000000000002;9.0;0909
2025;1;Felgueiras;1340.4099999999999;57.0;1303
2025;1;São Brás de Alportel;146.39;7.0;0812
2025;1;Mortágua;42.49;9.0;1808
2025;1;Trofa;1885.67;40.0;1318
2025;1;Fafe;512.8599999999999;67.0;0307
2025;1;Alcanena;165.01;22.0;1402
2025;1;Arouca;119.31;31.0;0104
2025;1;Albufeira;219.14999999999998;55.0;0801
2025;1;Vagos;138.23000000000002;41.0;0118
2025;1;Valpaços;36.89;21.0;1712
2025;1;Guarda;116.88;28.0;0907
2025;1;Caldas da Rainha;450.65;78.0;1006
2025;1;Arruda dos Vinhos;47.47;15.0;1102
2025;1;Palmela;2307.68;93.0;1508
2025;1;Barrancos;13.19;2.0;0204
2025;1;Oliveira de Azeméis;522.3000000000001;53.0;0113
2025;1;Amadora;301.45;14.0;1115
2025;1;Tondela;203.41;47.0;1821
2025;1;Chamusca;268.2;18.0;1407
2025;1;Sines;318.6;12.0;1513
2025;1;Vila do Bispo;41.34;11.0;0815
2025;1;Celorico de Basto;85.56;25.0;0305
2025;1;Porto de Mós;143.45;22.0;1016
2025;1;Figueiró dos Vinhos;22.32;6.0;1008
2025;1;Portalegre;699.15;21.0;1214
2025;1;Almeida;4.93;5.0;0902
2025;1;Aguiar da Beira;69.9;11.0;0901
2025;1;Silves;351.44;61.0;0813
2025;1;Torres Novas;807.7299999999999;64.0;1419
2025;1;Lagoa;434.25;46.0;0806
2025;1;Vila Nova de Famalicão;2492.85;147.0;0312
2025;1;Abrantes;102.71000000000001;44.0;1401
2025;1;Carrazeda de Ansiães;32.86;6.0;0403
2025;1;Coimbra;835.0799999999999;112.0;0603
2025;1;Peniche;535.96;27.0;1014
2025;1;Alvaiázere;159.32;15.0;1002
2025;1;Redondo;36.2;7.0;0710
2025;1;Alcácer do Sal;301.35;15.0;1501
2025;1;Monchique;55.3;5.0;0809
2025;1;Trancoso;8.85;4.0;0913
2025;1;Cuba;1.05;3.0;0207
2025;1;Gavião;2.16;3.0;1209
2025;1;Seia;95.82;24.0;0912
2025;1;Murtosa;18.15;9.0;0112
2025;1;Resende;22.01;9.0;1813
2025;1;Alfândega da Fé;28.799999999999997;4.0;0401
2025;1;Nisa;19.28;8.0;1212
2025;1;Portel;19.950000000000003;8.0;0709
2025;1;Baião;44.85;19.0;1302
2025;1;Viana do Alentejo;17.650000000000002;9.0;0713
2025;1;Figueira de Castelo Rodrigo;13.08;6.0;0904
2025;1;Alcoutim;112.05;9.0;0802
2025;1;Penela;14.37;10.0;0614
2024;1;Fafe;543.19;154.0;0307
2024;1;Valongo;644.38;133.0;1315
2024;1;Felgueiras;1392.51;157.0;1303
2024;1;Arcos de Valdevez;469.6;80.0;1601
2024;1;Peniche;763.85;74.0;1014
2024;1;Alter do Chão;195.31;11.0;1201
2024;1;Arganil;520.7700000000001;48.0;0601
2024;1;Lagoa;606.78;131.0;0806
2024;1;Mesão Frio;7.91;7.0;1704
2024;1;Nelas;1001.55;55.0;1809
2024;1;Aljezur;140.34;34.0;0803
2024;1;Oliveira do Hospital;605.79;65.0;0611
2024;1;Viseu;1898.16;392.0;1823
2024;1;Vila do Bispo;109.47;33.0;0815
2024;1;Castro daire;462.35;78.0;1803
2024;1;Chaves;729.57;153.0;1703
2024;1;Sabugal;72.87;27.0;0911
2024;1;Baião;126.22;45.0;1302
2024;1;Vila Flor;1047.81;14.0;0410
2024;1;Ribeira de Pena;38.95;20.0;1709
2024;1;Portimão;882.27;117.0;0811
